-- phpMyAdmin SQL Dump
-- version 4.9.1
-- https://www.phpmyadmin.net/
--
-- Host: 127.0.0.1
-- Generation Time: Dec 01, 2019 at 11:14 AM
-- Server version: 10.4.8-MariaDB
-- PHP Version: 7.3.11

SET SQL_MODE = "NO_AUTO_VALUE_ON_ZERO";
SET AUTOCOMMIT = 0;
START TRANSACTION;
SET time_zone = "+00:00";


/*!40101 SET @OLD_CHARACTER_SET_CLIENT=@@CHARACTER_SET_CLIENT */;
/*!40101 SET @OLD_CHARACTER_SET_RESULTS=@@CHARACTER_SET_RESULTS */;
/*!40101 SET @OLD_COLLATION_CONNECTION=@@COLLATION_CONNECTION */;
/*!40101 SET NAMES utf8mb4 */;

--
-- Database: `bitfume`
--

-- --------------------------------------------------------

--
-- Table structure for table `migrations`
--

CREATE TABLE `migrations` (
  `id` int(10) UNSIGNED NOT NULL,
  `migration` varchar(255) COLLATE utf8mb4_unicode_ci NOT NULL,
  `batch` int(11) NOT NULL
) ENGINE=InnoDB DEFAULT CHARSET=utf8mb4 COLLATE=utf8mb4_unicode_ci;

--
-- Dumping data for table `migrations`
--

INSERT INTO `migrations` (`id`, `migration`, `batch`) VALUES
(1, '2014_10_12_000000_create_users_table', 1),
(2, '2014_10_12_100000_create_password_resets_table', 1),
(3, '2019_11_30_083506_create_products_table', 1),
(4, '2019_11_30_083552_create_reviews_table', 1);

-- --------------------------------------------------------

--
-- Table structure for table `password_resets`
--

CREATE TABLE `password_resets` (
  `email` varchar(255) COLLATE utf8mb4_unicode_ci NOT NULL,
  `token` varchar(255) COLLATE utf8mb4_unicode_ci NOT NULL,
  `created_at` timestamp NULL DEFAULT NULL
) ENGINE=InnoDB DEFAULT CHARSET=utf8mb4 COLLATE=utf8mb4_unicode_ci;

-- --------------------------------------------------------

--
-- Table structure for table `products`
--

CREATE TABLE `products` (
  `id` int(10) UNSIGNED NOT NULL,
  `name` varchar(255) COLLATE utf8mb4_unicode_ci NOT NULL,
  `detail` text COLLATE utf8mb4_unicode_ci NOT NULL,
  `price` int(11) NOT NULL,
  `stock` int(11) NOT NULL,
  `discount` int(11) NOT NULL,
  `created_at` timestamp NULL DEFAULT NULL,
  `updated_at` timestamp NULL DEFAULT NULL
) ENGINE=InnoDB DEFAULT CHARSET=utf8mb4 COLLATE=utf8mb4_unicode_ci;

--
-- Dumping data for table `products`
--

INSERT INTO `products` (`id`, `name`, `detail`, `price`, `stock`, `discount`, `created_at`, `updated_at`) VALUES
(1, 'nostrum', 'Eos voluptatem perspiciatis laboriosam repellendus in vitae doloribus. Inventore ad suscipit voluptatem earum sit error ad. In magni quisquam eos.', 81, 0, 28, '2019-12-01 00:35:52', '2019-12-01 00:35:52'),
(2, 'nihil', 'Excepturi doloremque nam qui. Iusto vero nobis quam quisquam quaerat reprehenderit voluptatem aperiam. Numquam non quis accusantium repudiandae reiciendis ullam. Suscipit culpa sit asperiores.', 22, 4, 8, '2019-12-01 00:35:52', '2019-12-01 00:35:52'),
(3, 'debitis', 'Dolorem eos omnis a. Accusantium illum corrupti quo blanditiis. Rem quaerat corrupti fuga. Consequatur optio soluta debitis quis.', 53, 1, 16, '2019-12-01 00:35:52', '2019-12-01 00:35:52'),
(4, 'animi', 'Enim necessitatibus error velit dignissimos odit amet. Est harum quo dicta beatae maiores aut quia laboriosam. Ea porro soluta aut itaque dolores magni sint.', 42, 8, 6, '2019-12-01 00:35:52', '2019-12-01 00:35:52'),
(5, 'beatae', 'Commodi necessitatibus dolor ut voluptatem libero. Nostrum enim repudiandae sed nihil. Et consequatur voluptates porro qui voluptatem omnis voluptas.', 89, 6, 6, '2019-12-01 00:35:52', '2019-12-01 00:35:52'),
(6, 'ut', 'Vero nemo odit rem omnis dolores voluptate veritatis. Rerum illum cupiditate pariatur unde. Iusto expedita eos vel sit. Magni eligendi cumque explicabo minus ut.', 17, 0, 30, '2019-12-01 00:35:53', '2019-12-01 00:35:53'),
(7, 'vel', 'Accusamus distinctio voluptatem nostrum aperiam dolores consequuntur doloribus iure. Molestias animi similique perspiciatis dolor id laborum hic. Quibusdam non quod officia blanditiis ipsa.', 29, 3, 13, '2019-12-01 00:35:53', '2019-12-01 00:35:53'),
(8, 'nihil', 'Enim voluptas doloribus esse et sint ut. Laudantium consectetur unde sed est dolor. Tenetur quia sit vel voluptas consequatur. Est et nam cupiditate non perferendis fugiat.', 71, 0, 30, '2019-12-01 00:35:53', '2019-12-01 00:35:53'),
(9, 'nostrum', 'Et quam ipsa vel error perferendis ullam iusto. Laborum ut et nam ipsam cum quis iusto. Maiores ipsa ullam ratione nihil ab saepe et itaque.', 46, 4, 8, '2019-12-01 00:35:53', '2019-12-01 00:35:53'),
(10, 'aut', 'Veniam labore consequatur fugit dolorem. Explicabo dolor labore aliquid reiciendis incidunt omnis provident. Quis praesentium pariatur sequi a quam aspernatur cumque.', 58, 4, 12, '2019-12-01 00:35:53', '2019-12-01 00:35:53'),
(11, 'pariatur', 'Dolorem magnam molestias cum eligendi. Velit earum aut consequatur aut officiis est. Dolores dicta est voluptas nihil. Eius dolores doloremque laborum animi exercitationem veniam soluta.', 49, 5, 25, '2019-12-01 00:35:53', '2019-12-01 00:35:53'),
(12, 'iusto', 'Labore aut sit in nulla voluptatum iusto. Et magni dolorem nihil. Id rem nobis ipsa hic consectetur fuga.', 84, 3, 14, '2019-12-01 00:35:53', '2019-12-01 00:35:53'),
(13, 'dolores', 'Tenetur itaque quibusdam veniam non. Itaque ut veniam quis sit sit ut sint. Reprehenderit enim laborum atque sint in facilis. Sit temporibus ipsam omnis voluptatum cum. Provident dolorum nobis rerum saepe eaque reprehenderit.', 79, 3, 28, '2019-12-01 00:35:53', '2019-12-01 00:35:53'),
(14, 'minima', 'Velit quos provident qui repudiandae ipsum ratione esse. Voluptatem ut occaecati minima labore aut dignissimos. Est sequi vel illum autem cum.', 42, 2, 9, '2019-12-01 00:35:53', '2019-12-01 00:35:53'),
(15, 'quibusdam', 'Placeat commodi fugiat eaque asperiores aut eligendi sint. Voluptatem ut repudiandae quia et. Dolore molestiae et corporis. Consequatur ut maiores praesentium. Unde perspiciatis id tempora ab.', 22, 0, 4, '2019-12-01 00:35:53', '2019-12-01 00:35:53'),
(16, 'nihil', 'Consectetur dolorem odio mollitia et non. Libero repudiandae nihil molestias voluptas laudantium. Atque quaerat consequuntur neque ut illo maiores.', 77, 1, 5, '2019-12-01 00:35:53', '2019-12-01 00:35:53'),
(17, 'incidunt', 'Modi nam est sint dolorem culpa ut ducimus. Accusamus qui sit repudiandae iure non soluta dolor unde. Ea voluptatum error explicabo. Maxime qui vitae impedit eos modi quis esse.', 87, 2, 13, '2019-12-01 00:35:53', '2019-12-01 00:35:53'),
(18, 'doloremque', 'Molestiae repellat architecto numquam aut sit fugit sit. Ex delectus dignissimos provident qui ut excepturi. Aut voluptas vel eius tempore necessitatibus impedit consequatur aut.', 37, 0, 22, '2019-12-01 00:35:53', '2019-12-01 00:35:53'),
(19, 'ut', 'Aut vel eligendi possimus non est rem. Repellat et eaque qui provident eveniet nobis sit quidem. Beatae beatae magni sed. Earum neque nostrum sapiente sed omnis distinctio eos.', 84, 6, 13, '2019-12-01 00:35:53', '2019-12-01 00:35:53'),
(20, 'sunt', 'Quia qui ea est. Voluptatem consequuntur repellendus et quis sunt. Quia voluptatum necessitatibus vel incidunt et. Blanditiis modi sit molestiae aut facere.', 80, 9, 9, '2019-12-01 00:35:53', '2019-12-01 00:35:53'),
(21, 'voluptatem', 'Molestiae porro quos suscipit aliquid rerum est quaerat. Aut quos quae et corporis neque quis.', 22, 8, 29, '2019-12-01 00:35:53', '2019-12-01 00:35:53'),
(22, 'et', 'Rem sed aut qui veritatis ex labore. Consequatur sed officiis inventore ut harum laboriosam. Dolores amet consequatur ipsam odio ipsa incidunt tempore maiores.', 25, 3, 5, '2019-12-01 00:35:53', '2019-12-01 00:35:53'),
(23, 'eos', 'Omnis error occaecati qui praesentium dolores rem. Cumque fugit illo laboriosam quos molestiae nam. Eum dolor illum rerum deserunt accusamus eos quas. Est ducimus quaerat illo nostrum. Aliquam quasi suscipit est sed quis est.', 13, 8, 25, '2019-12-01 00:35:53', '2019-12-01 00:35:53'),
(24, 'qui', 'Consectetur aliquid pariatur illo perspiciatis consequatur nobis molestias. Consequatur doloremque quasi nemo nesciunt nostrum ut. Minima error eos inventore blanditiis et ut. Debitis assumenda totam ut et harum est deserunt.', 63, 7, 29, '2019-12-01 00:35:53', '2019-12-01 00:35:53'),
(25, 'est', 'Beatae sunt dolorem delectus voluptas enim. Dolor consequatur illo deserunt accusantium tempore quasi. Veniam a molestiae ullam rerum deleniti aliquid dolorum. Reiciendis quasi provident temporibus vitae qui.', 80, 5, 23, '2019-12-01 00:35:53', '2019-12-01 00:35:53'),
(26, 'illo', 'Nemo dolore omnis soluta exercitationem culpa quia eaque. Sit qui et non. Eius et omnis ut dolor qui totam autem.', 44, 0, 26, '2019-12-01 00:35:53', '2019-12-01 00:35:53'),
(27, 'ab', 'Officia dicta sed temporibus quia porro. Nemo vel quibusdam totam sint quis nihil. Excepturi sint esse ut quibusdam ipsam aut provident numquam. Numquam beatae ratione voluptas architecto quia quis ut.', 79, 3, 10, '2019-12-01 00:35:54', '2019-12-01 00:35:54'),
(28, 'maiores', 'Autem natus explicabo placeat recusandae. Non voluptatem aut incidunt alias. Laboriosam veniam ipsum ipsam minus voluptas. Exercitationem neque consectetur et ratione consequuntur nemo minima. Illum consequatur inventore voluptas aut.', 45, 7, 24, '2019-12-01 00:35:54', '2019-12-01 00:35:54'),
(29, 'et', 'Iste iusto et eligendi omnis. Molestias deleniti non fuga. Rem praesentium pariatur est sed incidunt.', 58, 8, 15, '2019-12-01 00:35:54', '2019-12-01 00:35:54'),
(30, 'ut', 'Enim tenetur natus ad nisi non. Ipsum et non nemo quam rerum deserunt consequatur. Rerum dolorum quia non iusto.', 92, 8, 20, '2019-12-01 00:35:54', '2019-12-01 00:35:54'),
(31, 'quibusdam', 'Ut dolores ut a corrupti et. Perferendis non expedita similique iste a quo nisi est. Optio ratione ullam est dolore.', 16, 1, 15, '2019-12-01 00:35:54', '2019-12-01 00:35:54'),
(32, 'qui', 'Et alias alias ut. Distinctio et qui veniam provident dolorum ut commodi. Voluptate nemo eum quos soluta adipisci tempora ea. Consequatur quia assumenda vitae voluptatem asperiores occaecati.', 46, 1, 29, '2019-12-01 00:35:54', '2019-12-01 00:35:54'),
(33, 'omnis', 'Ipsum et tenetur sequi perspiciatis incidunt nobis quas. Pariatur ipsa recusandae voluptatibus. Voluptas corporis ipsa ea voluptatem et alias.', 87, 2, 27, '2019-12-01 00:35:54', '2019-12-01 00:35:54'),
(34, 'enim', 'Voluptas facilis cum dolores facilis qui. Ad qui rem illo ipsa vitae et exercitationem. Ipsam vero velit iste sit incidunt debitis. Atque autem asperiores non iste dolore.', 81, 2, 8, '2019-12-01 00:35:54', '2019-12-01 00:35:54'),
(35, 'consequatur', 'Dolores sit id voluptatibus nulla et fugit. Perferendis molestiae eos qui quos.', 48, 5, 21, '2019-12-01 00:35:54', '2019-12-01 00:35:54'),
(36, 'deleniti', 'Numquam et delectus tempore. Minus sequi voluptas in sunt omnis corporis. Aut autem id occaecati nihil.', 59, 7, 10, '2019-12-01 00:35:54', '2019-12-01 00:35:54'),
(37, 'sunt', 'Possimus aut ea ut et. Ut debitis magni provident velit. Sit aut dicta ipsum consequatur dicta ut temporibus facilis.', 31, 3, 7, '2019-12-01 00:35:54', '2019-12-01 00:35:54'),
(38, 'sed', 'Ut incidunt provident dolore. Soluta assumenda eveniet eius atque eos. Iusto quas ad neque ut et velit nemo.', 77, 6, 9, '2019-12-01 00:35:54', '2019-12-01 00:35:54'),
(39, 'nam', 'Et aut omnis eos error rem. Ipsa sed dolorem omnis minus sit.', 92, 4, 21, '2019-12-01 00:35:54', '2019-12-01 00:35:54'),
(40, 'omnis', 'Quibusdam et et id eum. Sunt natus id sed omnis omnis explicabo mollitia odit. Eveniet tenetur praesentium sed et. Dolor doloribus eum nihil iste.', 72, 7, 22, '2019-12-01 00:35:54', '2019-12-01 00:35:54'),
(41, 'voluptatem', 'Atque ut quaerat beatae accusantium perspiciatis. Qui et beatae quis praesentium. Est asperiores dolores blanditiis eligendi.', 87, 3, 8, '2019-12-01 00:35:54', '2019-12-01 00:35:54'),
(42, 'in', 'Vel maxime aperiam odio. Alias sint cumque tempore sequi ducimus maxime eos. Veniam qui qui excepturi autem natus possimus. Alias repellat minus iure optio.', 69, 4, 28, '2019-12-01 00:35:54', '2019-12-01 00:35:54'),
(43, 'libero', 'Excepturi fuga inventore odio non. Rerum fugiat quia earum animi. Nostrum in quasi sapiente dolorum eligendi. Minima ut saepe accusantium impedit eveniet. Vero harum voluptas pariatur dolor incidunt velit.', 53, 8, 13, '2019-12-01 00:35:54', '2019-12-01 00:35:54'),
(44, 'corporis', 'Ut iste quam esse qui nobis voluptate quia. Ut minus numquam odit maiores accusamus omnis. Sapiente eius debitis sapiente nihil dolores asperiores. Aut numquam unde qui soluta maxime velit dolor maiores. Enim modi sequi repudiandae et labore vel.', 100, 7, 2, '2019-12-01 00:35:54', '2019-12-01 00:35:54'),
(45, 'magnam', 'Dolorum harum sit facilis. At possimus et voluptas voluptatum atque magnam quia molestiae. Non enim accusantium ut dolor nisi culpa fuga quia. Nihil ducimus quo magni et adipisci illum sunt.', 51, 5, 8, '2019-12-01 00:35:54', '2019-12-01 00:35:54'),
(46, 'sequi', 'Quis sequi fuga sunt. Aut veritatis distinctio consequatur repellendus qui voluptatibus aut. Fuga quis aspernatur voluptatem ut sed dolores.', 26, 6, 23, '2019-12-01 00:35:54', '2019-12-01 00:35:54'),
(47, 'porro', 'Reiciendis magnam facilis ipsam enim voluptatibus quam culpa. Sit inventore rerum laborum inventore. Sint porro minus quae. Explicabo et aut porro saepe sapiente voluptas et aut.', 99, 1, 24, '2019-12-01 00:35:54', '2019-12-01 00:35:54'),
(48, 'ipsam', 'Dolorum tempora consequatur explicabo dolorem et. Est minima pariatur optio quisquam veniam quibusdam. Animi distinctio in et non cumque fuga fugit aliquam.', 32, 8, 7, '2019-12-01 00:35:55', '2019-12-01 00:35:55'),
(49, 'consectetur', 'Et ut quisquam sint sed. Eum quibusdam ea sit vel qui itaque. Deleniti consequatur totam ut quod. Id alias est voluptas dolor. Labore consectetur dolorem vero dolore a voluptatem soluta ea.', 90, 5, 30, '2019-12-01 00:35:55', '2019-12-01 00:35:55'),
(50, 'quos', 'Aut est qui architecto tempora. Ipsa aperiam et voluptatem. Temporibus at quo voluptatem dolor dolores maxime ipsam.', 57, 1, 2, '2019-12-01 00:35:55', '2019-12-01 00:35:55'),
(51, 'ipsam', 'Doloribus sed vitae minus sit occaecati. Nostrum vel quod omnis excepturi est qui et. Et voluptatem accusantium quia vero est ut. Aut exercitationem dicta ab sed.', 65, 8, 13, '2019-12-01 00:41:06', '2019-12-01 00:41:06'),
(52, 'quidem', 'Asperiores eos et in distinctio vitae. Vel quidem neque magnam sint quis consequatur odio.', 32, 0, 27, '2019-12-01 00:41:06', '2019-12-01 00:41:06'),
(53, 'adipisci', 'Omnis iure est odio et enim distinctio. Consequatur pariatur ipsam laudantium ea. Facilis corporis eos id. Error cumque et iste tempora ducimus qui molestiae.', 87, 8, 18, '2019-12-01 00:41:06', '2019-12-01 00:41:06'),
(54, 'eos', 'Est et modi officia consequuntur mollitia. Et quo et quaerat dolores qui magni est accusantium. Quas voluptates voluptate aut enim. Et dignissimos beatae id sit omnis inventore illo.', 90, 9, 9, '2019-12-01 00:41:06', '2019-12-01 00:41:06'),
(55, 'perferendis', 'Animi odit eos beatae libero qui animi sed. Quis impedit unde exercitationem illo. Animi molestias non aut fugiat enim. Ut veritatis molestias iste odio voluptates nihil.', 90, 2, 2, '2019-12-01 00:41:06', '2019-12-01 00:41:06'),
(56, 'sit', 'Exercitationem vel voluptatem incidunt rerum nostrum ducimus voluptatem repellendus. Omnis praesentium consequuntur error similique aspernatur. Quasi aperiam et tempore quo quia et expedita. Facere totam eos dolores ut beatae odio esse quidem.', 86, 9, 15, '2019-12-01 00:41:06', '2019-12-01 00:41:06'),
(57, 'repudiandae', 'Ut ut earum molestiae sint nemo. Ut eligendi nobis sint occaecati iste numquam. Vel et voluptatem possimus qui perferendis dolor voluptatem. Est quasi sed nobis.', 25, 0, 15, '2019-12-01 00:41:06', '2019-12-01 00:41:06'),
(58, 'labore', 'Est rerum ea in in vitae pariatur tempore. Aut debitis quis veritatis. Optio est eius atque autem alias est nulla. Corrupti aperiam animi est dignissimos.', 94, 6, 29, '2019-12-01 00:41:06', '2019-12-01 00:41:06'),
(59, 'qui', 'Et nemo et et molestias voluptatem velit. Hic veritatis voluptatem facilis fugit cum omnis non est. Nobis id sit nam.', 82, 0, 13, '2019-12-01 00:41:06', '2019-12-01 00:41:06'),
(60, 'ut', 'In explicabo qui rerum aut quia quibusdam. Eum voluptatibus accusamus autem et. Quam ducimus rerum explicabo voluptates. Voluptatum repellendus impedit doloribus quis omnis.', 55, 1, 9, '2019-12-01 00:41:06', '2019-12-01 00:41:06'),
(61, 'quia', 'Aut dolorem fugit fugiat et consectetur. Laborum consequatur qui incidunt atque odio sit. Eveniet aspernatur doloribus quaerat temporibus sed praesentium.', 59, 4, 10, '2019-12-01 00:41:06', '2019-12-01 00:41:06'),
(62, 'ut', 'Qui ab sequi doloremque. Explicabo ad maxime maiores iusto quis. Dolor non eum consectetur fugit excepturi. Ut ut non ea consectetur est.', 91, 0, 24, '2019-12-01 00:41:06', '2019-12-01 00:41:06'),
(63, 'doloremque', 'Cumque est maxime voluptatem dolores odit veritatis. Non aut ratione animi est et quam. Non nisi nostrum et eligendi.', 77, 8, 22, '2019-12-01 00:41:06', '2019-12-01 00:41:06'),
(64, 'quis', 'Vel maiores nihil eaque quisquam recusandae. Dolores hic porro voluptates est sapiente hic magnam. Ipsum aut praesentium voluptas.', 85, 9, 30, '2019-12-01 00:41:07', '2019-12-01 00:41:07'),
(65, 'ad', 'Iusto reiciendis itaque aspernatur. Quisquam id cupiditate voluptatem maiores aut reiciendis. Aut aut consequatur est et qui mollitia.', 34, 1, 30, '2019-12-01 00:41:07', '2019-12-01 00:41:07'),
(66, 'omnis', 'Fugit quasi ut fugit. Quod iure dolorem laudantium dicta quasi in aut consequatur. Dolorem aliquam maiores rerum est. Excepturi quidem aspernatur at earum qui odio architecto quasi.', 73, 4, 15, '2019-12-01 00:41:07', '2019-12-01 00:41:07'),
(67, 'dolores', 'Rerum labore voluptatem necessitatibus reiciendis. Accusantium ullam quia qui laborum. Minima rem quae aperiam nostrum possimus nobis. Qui amet voluptatem laboriosam.', 68, 9, 24, '2019-12-01 00:41:07', '2019-12-01 00:41:07'),
(68, 'alias', 'Et recusandae ut harum nemo non. Ut eum sit non at dolorem enim consectetur. Commodi in dolore exercitationem sed.', 76, 3, 17, '2019-12-01 00:41:07', '2019-12-01 00:41:07'),
(69, 'asperiores', 'Sint corporis qui sint et. Et maiores necessitatibus eligendi qui molestias soluta. Voluptatem nisi rem modi possimus. Voluptates reiciendis vitae inventore esse praesentium aut.', 30, 6, 17, '2019-12-01 00:41:07', '2019-12-01 00:41:07'),
(70, 'quisquam', 'Eum in necessitatibus veniam aperiam. Officiis vel sapiente minima. Velit aliquid modi explicabo rerum.', 49, 3, 20, '2019-12-01 00:41:07', '2019-12-01 00:41:07'),
(71, 'qui', 'Dicta sapiente qui expedita est. Voluptatibus porro sed qui impedit harum. Molestias hic quo et id. Pariatur eaque natus tempore dolorum.', 46, 9, 14, '2019-12-01 00:41:07', '2019-12-01 00:41:07'),
(72, 'itaque', 'Minima at optio possimus sit placeat odit nemo. Molestiae sequi inventore quaerat modi enim vero vel. Nobis dolor ullam qui quae. Ea facere nam perspiciatis ea.', 75, 9, 9, '2019-12-01 00:41:07', '2019-12-01 00:41:07'),
(73, 'occaecati', 'Alias ducimus ut sunt suscipit ut explicabo. Quia quibusdam commodi est asperiores. Nulla minima magnam autem accusamus esse officia sint. Ducimus molestiae tempore dignissimos molestiae.', 27, 8, 14, '2019-12-01 00:41:07', '2019-12-01 00:41:07'),
(74, 'accusantium', 'Ullam officiis omnis explicabo voluptate illo. Deserunt quidem beatae doloribus repudiandae.', 78, 8, 30, '2019-12-01 00:41:07', '2019-12-01 00:41:07'),
(75, 'voluptatum', 'Est dolor dicta voluptatum. Dolorem occaecati non rerum.', 80, 1, 30, '2019-12-01 00:41:07', '2019-12-01 00:41:07'),
(76, 'aspernatur', 'Voluptas et corrupti sit omnis. Asperiores rem ad ut aut fuga culpa aut. Quis molestiae temporibus sint esse similique.', 60, 0, 5, '2019-12-01 00:41:07', '2019-12-01 00:41:07'),
(77, 'dolor', 'Repudiandae sunt vero minus explicabo quia. Qui qui corrupti autem et sed. Ut distinctio ab aut non ab impedit.', 38, 2, 15, '2019-12-01 00:41:07', '2019-12-01 00:41:07'),
(78, 'qui', 'Eum cumque incidunt vel sapiente corporis. In praesentium molestias voluptas saepe vel voluptatum vero atque. Et enim libero recusandae ut rerum.', 74, 8, 20, '2019-12-01 00:41:07', '2019-12-01 00:41:07'),
(79, 'voluptatum', 'Et non iure deserunt ullam a impedit excepturi voluptate. Libero et ut aut beatae nulla deserunt. Velit dolores dolores esse dolorem illo quia et. Dicta eum ex voluptas accusantium sunt eum debitis.', 11, 2, 14, '2019-12-01 00:41:07', '2019-12-01 00:41:07'),
(80, 'itaque', 'Modi voluptatem aperiam dolor facilis libero ipsa enim eveniet. Ea possimus ullam dolorum odio ea. Qui accusamus molestias sunt aliquam.', 36, 9, 14, '2019-12-01 00:41:07', '2019-12-01 00:41:07'),
(81, 'voluptates', 'Est voluptatem debitis rem et. Ex vel fuga ipsum eos eos. Nisi velit modi non nulla suscipit.', 65, 2, 13, '2019-12-01 00:41:07', '2019-12-01 00:41:07'),
(82, 'molestiae', 'Distinctio sit quia voluptatum quaerat animi architecto. Quos quia recusandae eum impedit. Qui quis quos tempore iure laudantium et facere quia. Dolor tempora voluptas vitae.', 51, 6, 4, '2019-12-01 00:41:07', '2019-12-01 00:41:07'),
(83, 'voluptates', 'Voluptatem incidunt odit autem eos. Ad ab velit et facere occaecati numquam. Quod magni maxime aut nemo fugit. Commodi aut sint est harum numquam eum quia.', 98, 5, 12, '2019-12-01 00:41:07', '2019-12-01 00:41:07'),
(84, 'doloremque', 'Quis reprehenderit nulla et excepturi at. Minima voluptatem sit sunt. Eaque debitis quos neque sint impedit non eius a. Dolorum amet eum nihil nihil.', 22, 8, 7, '2019-12-01 00:41:07', '2019-12-01 00:41:07'),
(85, 'commodi', 'Suscipit quam velit asperiores et voluptatem sit vel optio. Ex quia nobis aperiam aspernatur. Quia labore qui omnis non aut.', 73, 7, 26, '2019-12-01 00:41:08', '2019-12-01 00:41:08'),
(86, 'quas', 'Quia natus non dolorem doloribus alias corporis aut. Aperiam ex dolorem animi id ea soluta. Accusamus eius sed illum.', 94, 0, 5, '2019-12-01 00:41:08', '2019-12-01 00:41:08'),
(87, 'rerum', 'Quos saepe consequatur quae excepturi in eligendi quos. Animi unde vel recusandae et. Quia ea dolorum rem earum architecto ratione veritatis. Et laboriosam totam porro cum quas.', 66, 9, 12, '2019-12-01 00:41:08', '2019-12-01 00:41:08'),
(88, 'est', 'Illo quam perspiciatis vero fugiat cumque quisquam qui eos. Voluptas corrupti aut praesentium debitis iste praesentium. Consequatur quia molestiae eveniet. Molestiae ducimus autem deserunt qui eius nulla possimus.', 28, 6, 28, '2019-12-01 00:41:08', '2019-12-01 00:41:08'),
(89, 'est', 'Iste nobis nihil rem cupiditate accusamus qui. Sit eum odio natus et. Aut voluptatem commodi voluptates.', 35, 8, 3, '2019-12-01 00:41:08', '2019-12-01 00:41:08'),
(90, 'omnis', 'Magni architecto aperiam blanditiis voluptatibus nihil corrupti voluptatem. Aut quisquam numquam provident aspernatur repellat. Officiis ut et ut nam voluptatem occaecati omnis.', 12, 4, 22, '2019-12-01 00:41:08', '2019-12-01 00:41:08'),
(91, 'delectus', 'Nihil suscipit harum ducimus blanditiis. Enim excepturi et necessitatibus voluptas expedita. Quidem sint ut rerum at numquam et libero.', 78, 9, 6, '2019-12-01 00:41:08', '2019-12-01 00:41:08'),
(92, 'nulla', 'Expedita consequatur ipsa odit inventore id error. Sit saepe inventore est. Et qui eius velit et.', 26, 1, 2, '2019-12-01 00:41:08', '2019-12-01 00:41:08'),
(93, 'aut', 'Impedit illo voluptatum nisi quos doloremque. Consequatur id ipsum velit voluptatibus. Sunt alias illo voluptatem adipisci rem labore excepturi.', 22, 6, 14, '2019-12-01 00:41:08', '2019-12-01 00:41:08'),
(94, 'aut', 'Hic quod provident enim minima at sapiente autem laboriosam. Sit consequatur quis molestiae reiciendis repellendus aut.', 95, 0, 16, '2019-12-01 00:41:08', '2019-12-01 00:41:08'),
(95, 'dolores', 'Assumenda et odit at officiis molestiae. Sint dicta dolor dolor error dignissimos quisquam quis. Est alias voluptatem officia non nihil et. Vel dicta porro optio sunt harum.', 59, 5, 6, '2019-12-01 00:41:08', '2019-12-01 00:41:08'),
(96, 'cum', 'Molestias et occaecati ea. Repellendus error nostrum fugit et rerum. Fugit ut laborum in doloremque maiores nesciunt suscipit.', 84, 6, 5, '2019-12-01 00:41:08', '2019-12-01 00:41:08'),
(97, 'qui', 'Nihil nihil consequuntur voluptas aut eos quasi. Ratione atque minima omnis dolorem velit adipisci. Consequatur ad voluptatem assumenda soluta hic maxime et. Maiores est optio nam hic quis voluptatem omnis.', 59, 3, 24, '2019-12-01 00:41:08', '2019-12-01 00:41:08'),
(98, 'autem', 'Ut expedita magni qui molestiae doloribus. Reiciendis illum alias consequatur nisi quos unde saepe. Pariatur sequi dolorum enim autem impedit.', 63, 5, 25, '2019-12-01 00:41:08', '2019-12-01 00:41:08'),
(99, 'voluptatem', 'Dolor vel deserunt id aspernatur omnis quia. Et aut vero et eum exercitationem non. Nesciunt asperiores eum occaecati veniam inventore quibusdam eius.', 72, 6, 6, '2019-12-01 00:41:08', '2019-12-01 00:41:08'),
(100, 'deserunt', 'Vero maxime molestiae ipsa libero. Nostrum corporis aperiam temporibus aliquam distinctio quas beatae. Consequatur libero porro laborum ut fugiat laudantium.', 32, 9, 7, '2019-12-01 00:41:08', '2019-12-01 00:41:08');

-- --------------------------------------------------------

--
-- Table structure for table `reviews`
--

CREATE TABLE `reviews` (
  `id` int(10) UNSIGNED NOT NULL,
  `product_id` int(10) UNSIGNED NOT NULL,
  `customer` varchar(255) COLLATE utf8mb4_unicode_ci NOT NULL,
  `review` text COLLATE utf8mb4_unicode_ci NOT NULL,
  `star` int(11) NOT NULL,
  `created_at` timestamp NULL DEFAULT NULL,
  `updated_at` timestamp NULL DEFAULT NULL
) ENGINE=InnoDB DEFAULT CHARSET=utf8mb4 COLLATE=utf8mb4_unicode_ci;

--
-- Dumping data for table `reviews`
--

INSERT INTO `reviews` (`id`, `product_id`, `customer`, `review`, `star`, `created_at`, `updated_at`) VALUES
(1, 95, 'Mauricio Frami', 'Eveniet dignissimos voluptatem dolores repellat officia aut est. Veritatis quia consectetur beatae. Voluptate aspernatur voluptatem provident est explicabo in saepe. Error aspernatur accusamus iste ex autem sit quaerat atque.', 1, '2019-12-01 00:41:09', '2019-12-01 00:41:09'),
(2, 76, 'Dr. Ron Shanahan III', 'Magni dolor distinctio dolorem quis aut consequuntur recusandae aut. Laudantium dolores est et laudantium impedit inventore unde accusamus. Iste error alias harum a similique amet ipsum. Est rem omnis ut alias minus.', 1, '2019-12-01 00:41:10', '2019-12-01 00:41:10'),
(3, 75, 'Prof. Angela VonRueden', 'Praesentium qui voluptatem eos nobis voluptatem ut voluptas. Dolorem facere tempore qui cumque a et. Odit quae atque sint recusandae fugiat sit voluptates.', 5, '2019-12-01 00:41:10', '2019-12-01 00:41:10'),
(4, 15, 'Dayana Kunde', 'Voluptate qui sed quia sapiente. Aperiam enim quo veritatis non quasi. Vel tempora sunt beatae perferendis maxime vitae tempora. Consectetur quam eos nisi qui.', 0, '2019-12-01 00:41:10', '2019-12-01 00:41:10'),
(5, 27, 'Abigale Toy', 'Magnam quia fuga aut sed eius. Aperiam aliquam non enim enim. Ut voluptas provident sit unde iure temporibus eos. Enim illo optio rem consequuntur quae.', 4, '2019-12-01 00:41:10', '2019-12-01 00:41:10'),
(6, 9, 'Dr. Jerrold McClure', 'Deleniti iste accusamus corrupti error non quidem eos qui. Libero porro repellat quibusdam tempore pariatur et. Totam nesciunt quis quia eius.', 2, '2019-12-01 00:41:10', '2019-12-01 00:41:10'),
(7, 14, 'Cyril Windler', 'Esse sit reiciendis velit ea aut eveniet a. Aperiam aliquam maiores dicta voluptas delectus non. Error repellendus ut exercitationem voluptas.', 3, '2019-12-01 00:41:10', '2019-12-01 00:41:10'),
(8, 86, 'Dr. Austyn Heidenreich', 'Asperiores sunt exercitationem nihil aut quia. In eos aliquid vel molestiae odio et delectus. Ducimus eius quia similique quae. Ipsa harum ullam qui voluptatem. Voluptatum harum fuga exercitationem error inventore.', 3, '2019-12-01 00:41:10', '2019-12-01 00:41:10'),
(9, 59, 'Meaghan Little', 'Voluptatum molestiae in minus ullam quo et et. Eligendi porro quae nisi beatae beatae dolores distinctio ipsum. Ducimus quidem nobis autem exercitationem molestias.', 4, '2019-12-01 00:41:10', '2019-12-01 00:41:10'),
(10, 30, 'Coralie Boyle', 'Adipisci ut totam officiis dignissimos quam accusantium facere. Voluptas esse aut aut rerum. Perferendis architecto animi iure cupiditate qui adipisci deleniti voluptatem.', 4, '2019-12-01 00:41:10', '2019-12-01 00:41:10'),
(11, 87, 'Salvatore Deckow', 'Aut odio rerum dolor blanditiis dolorem blanditiis. Aspernatur voluptatibus odit id. Consequatur repellat sint ea ducimus aut dolorum.', 5, '2019-12-01 00:41:10', '2019-12-01 00:41:10'),
(12, 59, 'Imelda Gulgowski', 'Sed numquam iste possimus quis impedit at. Qui sequi neque amet tempore. Officiis labore et ut voluptas. Tempora tempore distinctio eligendi non atque quaerat magni et.', 0, '2019-12-01 00:41:10', '2019-12-01 00:41:10'),
(13, 87, 'Kyle Klein', 'Facere illo nobis sed odio. Aliquam perspiciatis pariatur possimus vel quo labore autem. Occaecati doloremque est nihil sint et harum. Tempore autem nostrum id ex et.', 2, '2019-12-01 00:41:10', '2019-12-01 00:41:10'),
(14, 28, 'Luella Kirlin', 'Ea eveniet vel enim qui. Numquam sed omnis quia nihil accusantium corrupti. Explicabo repellat ex ut ab. Repellat officiis consequatur provident non aut ut.', 0, '2019-12-01 00:41:10', '2019-12-01 00:41:10'),
(15, 93, 'Sebastian Wilderman', 'Dolorem cupiditate voluptatem facilis. Dicta dolores rem repellendus rerum molestias. Ab sed ipsam reprehenderit molestiae veniam perspiciatis.', 3, '2019-12-01 00:41:10', '2019-12-01 00:41:10'),
(16, 83, 'Dr. Cyrus Prohaska', 'Voluptatem molestiae laudantium a blanditiis. Nobis quo beatae aliquid. Velit laboriosam mollitia eligendi consequatur explicabo accusantium sequi. Eaque et animi eveniet id in.', 4, '2019-12-01 00:41:10', '2019-12-01 00:41:10'),
(17, 81, 'Ms. Valentina Cormier II', 'Non nisi magni et aliquid veritatis et labore. Dolor consequuntur perferendis eum quis ipsum.', 5, '2019-12-01 00:41:10', '2019-12-01 00:41:10'),
(18, 95, 'Dr. Anika Renner DVM', 'Expedita explicabo accusamus laborum voluptatibus. Provident dolorum et et perspiciatis quo non. Corrupti perferendis in voluptatum sunt esse et.', 4, '2019-12-01 00:41:10', '2019-12-01 00:41:10'),
(19, 12, 'Reyna Homenick', 'Magni assumenda dicta dolores ad enim. Qui beatae eos quo cumque aspernatur. Et rerum quis ipsa quo dolor quibusdam iusto.', 0, '2019-12-01 00:41:11', '2019-12-01 00:41:11'),
(20, 80, 'Dillon DuBuque Jr.', 'Ducimus ut iste rem veniam eius suscipit accusamus. Sit vel blanditiis sit. Voluptate sit tempora perferendis optio et.', 5, '2019-12-01 00:41:11', '2019-12-01 00:41:11'),
(21, 49, 'Cathrine Simonis', 'Cum culpa unde ad iusto alias deleniti nihil. Praesentium fugiat aut eligendi assumenda et. Incidunt animi dolor maxime ea voluptatibus quis. Est quas rerum et magni et officiis.', 1, '2019-12-01 00:41:11', '2019-12-01 00:41:11'),
(22, 21, 'Summer Beatty', 'Veritatis et aut nemo tempore quasi. Veritatis ut consequatur odit nam. Tempore omnis perspiciatis quam nostrum quia. Sint repellendus aut eius vel.', 1, '2019-12-01 00:41:11', '2019-12-01 00:41:11'),
(23, 58, 'Madge Orn', 'Sint exercitationem aut consectetur explicabo consequatur quibusdam autem. Nihil mollitia vel fuga ut ratione expedita voluptatem id. Dolores ut aut et sunt.', 1, '2019-12-01 00:41:11', '2019-12-01 00:41:11'),
(24, 43, 'Muhammad Murray', 'Nulla maxime ullam nemo fugit occaecati quis corporis. Natus laudantium eos in quia voluptatem. Dicta ut atque alias reprehenderit error esse ducimus necessitatibus.', 2, '2019-12-01 00:41:11', '2019-12-01 00:41:11'),
(25, 84, 'Colton Heathcote', 'Amet qui fugiat sit consectetur sed. Omnis in reprehenderit rerum reprehenderit. Excepturi explicabo quae eum aut. Enim non aspernatur temporibus accusantium.', 2, '2019-12-01 00:41:11', '2019-12-01 00:41:11'),
(26, 11, 'Orland Quigley', 'Quo ut accusamus voluptas voluptas ex et praesentium occaecati. Sunt ducimus earum porro rerum. Corporis nam iusto eius. Expedita aliquid deleniti et non.', 4, '2019-12-01 00:41:11', '2019-12-01 00:41:11'),
(27, 36, 'Dr. Isom Zulauf PhD', 'Qui dolorem debitis voluptas. Sunt ut non adipisci. Distinctio magnam officia est velit quam autem labore. Quis voluptas molestiae et ducimus tenetur explicabo.', 4, '2019-12-01 00:41:11', '2019-12-01 00:41:11'),
(28, 57, 'Ms. Mikayla Labadie', 'Ducimus alias et aspernatur aspernatur itaque nemo asperiores accusantium. Reiciendis natus deserunt minus autem. Dolore cumque a consequatur aut consectetur est.', 5, '2019-12-01 00:41:11', '2019-12-01 00:41:11'),
(29, 68, 'Ari Monahan', 'Aut in rerum eos alias a quo culpa. Occaecati ipsa eaque ea recusandae animi non laboriosam officiis. Saepe dolor tempora similique et expedita aspernatur eveniet. Reiciendis et dolores aut facilis.', 3, '2019-12-01 00:41:11', '2019-12-01 00:41:11'),
(30, 46, 'Charles Kuhic', 'Repellat et tenetur voluptatem ut dolorum est facilis. Cum nesciunt consequatur ut ipsam ipsam quia laboriosam. Pariatur temporibus a illum ut. Nisi impedit suscipit cum qui quibusdam.', 4, '2019-12-01 00:41:11', '2019-12-01 00:41:11'),
(31, 12, 'Orland Fay', 'Libero dolore impedit et. Vel rerum incidunt cumque nisi iusto. Perspiciatis explicabo debitis provident cupiditate repellendus recusandae at.', 0, '2019-12-01 00:41:11', '2019-12-01 00:41:11'),
(32, 89, 'Antone Senger', 'Rerum officia ipsam magnam nostrum dignissimos officiis. Officiis dolor qui iure voluptatem debitis voluptas perferendis. Quia totam nobis sapiente sequi quam.', 5, '2019-12-01 00:41:11', '2019-12-01 00:41:11'),
(33, 69, 'Julianne Pacocha', 'Accusamus non temporibus fugit consectetur quis sunt libero. Atque necessitatibus ad atque corporis quo qui sequi aut. Cumque debitis libero adipisci ipsa sint beatae. Error quia ea deleniti quasi.', 2, '2019-12-01 00:41:11', '2019-12-01 00:41:11'),
(34, 8, 'Emmanuel Kris', 'Necessitatibus impedit iste error ea voluptate id rerum. Et enim cum tempore voluptates necessitatibus molestiae. Facere facere molestias quae numquam error nemo aut. Et voluptatibus aut delectus.', 2, '2019-12-01 00:41:11', '2019-12-01 00:41:11'),
(35, 82, 'Queenie Balistreri', 'Repudiandae minima voluptates quis quibusdam. Sint nesciunt et ipsum quidem voluptas dicta. Ea et non itaque voluptates tempore. Natus fugit iusto tempora commodi tempore est dignissimos. Voluptatem vitae voluptatem et aliquid cum vitae.', 2, '2019-12-01 00:41:11', '2019-12-01 00:41:11'),
(36, 30, 'Marlene Turner', 'Ratione amet omnis molestiae aut doloribus. Iure omnis blanditiis iure. Sed officia error impedit sed. Porro itaque cupiditate fugit quibusdam totam eum.', 0, '2019-12-01 00:41:11', '2019-12-01 00:41:11'),
(37, 30, 'Jermain Kunze', 'Ducimus sit et vel accusantium delectus enim asperiores dolore. Iure sit qui dignissimos pariatur. Reiciendis ut nesciunt consequatur exercitationem reprehenderit. Ullam quis pariatur possimus aut quod saepe aut.', 4, '2019-12-01 00:41:11', '2019-12-01 00:41:11'),
(38, 49, 'Kailyn Kemmer IV', 'Et et perspiciatis et repellendus accusantium expedita earum. Et voluptas quod quos qui aut voluptatibus minus. Dolore omnis enim dolor consequatur. Qui minus omnis fugit officia.', 3, '2019-12-01 00:41:11', '2019-12-01 00:41:11'),
(39, 54, 'Sydnie Wolff', 'Explicabo eum cum quis maiores. Aut nam et quia incidunt non sit culpa voluptates. Quia ut labore corporis ipsam cupiditate rerum. Quos doloremque non sit possimus.', 3, '2019-12-01 00:41:11', '2019-12-01 00:41:11'),
(40, 4, 'Kaylie Bernhard I', 'Aliquam maxime minus non et quis nisi quos. Quas qui aliquid ad repellendus. Minus ut exercitationem ad harum et reprehenderit.', 5, '2019-12-01 00:41:11', '2019-12-01 00:41:11'),
(41, 98, 'Prof. Aubrey Hegmann', 'Accusamus ad repellat est ab consequatur. Sapiente ut hic aperiam et sed vel sed.', 1, '2019-12-01 00:41:11', '2019-12-01 00:41:11'),
(42, 56, 'Prof. Noel Stiedemann', 'Tenetur facilis et vero autem qui doloremque sed in. Quia quae officiis sed accusamus voluptas exercitationem. Qui maxime eos sit quia.', 1, '2019-12-01 00:41:11', '2019-12-01 00:41:11'),
(43, 83, 'Green Morissette', 'Aut dolorem earum qui maxime expedita. Et beatae consequatur est eius harum iste. Nemo illum porro facilis vero qui qui. Quae totam odio explicabo odit enim. Unde laborum non voluptates eos.', 1, '2019-12-01 00:41:11', '2019-12-01 00:41:11'),
(44, 96, 'Melvina Lueilwitz I', 'Vel ut est deserunt id in fuga incidunt. Voluptatem voluptatum est sapiente. Culpa et nobis minima et numquam vel pariatur.', 3, '2019-12-01 00:41:12', '2019-12-01 00:41:12'),
(45, 29, 'Brooks Okuneva', 'Nemo dolores quia maxime voluptatem architecto tempore in dolor. Eos veritatis id et non nam molestias tempora. Quos qui repellendus libero et qui.', 0, '2019-12-01 00:41:12', '2019-12-01 00:41:12'),
(46, 27, 'Abbey Boehm', 'Odit aut voluptas repellendus qui. Temporibus recusandae reprehenderit aut debitis aut mollitia. Dolor quo dolor nostrum voluptatem cum earum suscipit. Ducimus rerum fuga illum assumenda architecto omnis et. Doloribus quo asperiores in occaecati rerum quo.', 2, '2019-12-01 00:41:12', '2019-12-01 00:41:12'),
(47, 15, 'Albin Hickle', 'Labore nemo voluptas nesciunt autem velit. Qui modi ab sint aut pariatur soluta voluptatem. Non doloremque veniam doloremque libero.', 1, '2019-12-01 00:41:12', '2019-12-01 00:41:12'),
(48, 35, 'Buster Welch', 'Officiis cupiditate nihil consequatur nam quia odio. Porro ut voluptatibus quod sit iusto incidunt dicta. Unde quia at ipsa hic quo aut veritatis.', 5, '2019-12-01 00:41:12', '2019-12-01 00:41:12'),
(49, 55, 'Reva Schumm', 'Laboriosam veniam provident reiciendis eum doloremque omnis. Molestias est unde fuga assumenda dolor non ut. Eveniet aut dolores eligendi placeat consequatur laudantium.', 4, '2019-12-01 00:41:12', '2019-12-01 00:41:12'),
(50, 66, 'Clemens Jaskolski DDS', 'Sit quo magnam laboriosam sequi cumque. Dolor sint dolorem accusantium. Accusantium a repellendus molestiae nesciunt debitis nesciunt impedit.', 2, '2019-12-01 00:41:12', '2019-12-01 00:41:12'),
(51, 56, 'Margaretta Kautzer', 'Qui ducimus enim voluptates aspernatur explicabo quos at aut. Aliquid omnis nihil culpa quidem harum quis sed et. Saepe quas quia ut excepturi sit est mollitia aut. Ad quia non dolorem facilis. Natus dolore similique quis dolores quidem quas.', 2, '2019-12-01 00:41:12', '2019-12-01 00:41:12'),
(52, 26, 'Lavonne O\'Reilly', 'Et consequatur aut itaque. Eos ullam dolorem et delectus eum repellendus laborum.', 4, '2019-12-01 00:41:12', '2019-12-01 00:41:12'),
(53, 25, 'Horace Russel', 'Omnis corrupti et et excepturi omnis rem est natus. Excepturi quam alias quod occaecati. Perspiciatis ut quibusdam et autem commodi. Ab ut nesciunt mollitia laudantium dicta.', 2, '2019-12-01 00:41:12', '2019-12-01 00:41:12'),
(54, 59, 'Mandy Glover', 'Est et voluptatem ipsum quos magnam. Quaerat quia maiores pariatur nulla necessitatibus autem nihil. Temporibus blanditiis similique molestias maxime aut impedit.', 3, '2019-12-01 00:41:12', '2019-12-01 00:41:12'),
(55, 59, 'Keegan Swift', 'Qui iste blanditiis reiciendis quia sapiente. Repellat accusantium omnis maiores et sint voluptatem sapiente. Ducimus ea ipsa qui corporis. Voluptatem nulla illo temporibus praesentium.', 1, '2019-12-01 00:41:12', '2019-12-01 00:41:12'),
(56, 71, 'Katelyn Christiansen', 'Dolorem fuga voluptatibus minima. Praesentium exercitationem ut natus qui provident. Hic reprehenderit debitis doloremque ut quod.', 5, '2019-12-01 00:41:12', '2019-12-01 00:41:12'),
(57, 41, 'Miss Theodora Williamson', 'Et ipsa sit necessitatibus enim. Explicabo nulla aut vero. Sint et aut modi nihil.', 5, '2019-12-01 00:41:12', '2019-12-01 00:41:12'),
(58, 19, 'Thaddeus Parisian', 'Dignissimos earum aspernatur id sed. Ut iusto repellendus voluptates et perferendis. Molestiae voluptatem alias excepturi dolorum.', 0, '2019-12-01 00:41:12', '2019-12-01 00:41:12'),
(59, 53, 'Natalie Cartwright', 'Earum nobis alias veritatis commodi saepe magni. Itaque ut saepe ipsum id et. Praesentium veritatis vero eligendi quo iusto nisi similique. Error corporis iste temporibus laudantium asperiores nihil.', 5, '2019-12-01 00:41:12', '2019-12-01 00:41:12'),
(60, 49, 'Mose Thompson', 'Sapiente in debitis cumque quibusdam. Nulla voluptatem non aspernatur similique. Dolore magni provident quia dolore dolorum nihil.', 5, '2019-12-01 00:41:12', '2019-12-01 00:41:12'),
(61, 97, 'Prof. Hayley Rempel', 'Deleniti optio incidunt adipisci cum quod molestias. Quod recusandae deserunt id. Perspiciatis hic autem beatae non tempora. Consequuntur et deleniti quisquam magnam voluptatem.', 4, '2019-12-01 00:41:12', '2019-12-01 00:41:12'),
(62, 91, 'Vickie Koss', 'Quibusdam aliquam recusandae minus sapiente cum maxime. Eos facilis id enim in harum exercitationem beatae. Dicta labore consequuntur culpa sequi. Porro explicabo beatae recusandae ex.', 4, '2019-12-01 00:41:12', '2019-12-01 00:41:12'),
(63, 10, 'Ron Reynolds', 'Impedit illo temporibus voluptas ut distinctio. Quam porro iste aut. Exercitationem et sunt atque dicta deserunt accusamus quia. Suscipit aut cupiditate et quasi numquam autem.', 4, '2019-12-01 00:41:12', '2019-12-01 00:41:12'),
(64, 16, 'Eleonore Murphy MD', 'Sed quis eum dignissimos voluptatem libero dolores. Porro vel alias aut non eaque iusto optio.', 0, '2019-12-01 00:41:12', '2019-12-01 00:41:12'),
(65, 95, 'Prof. Leopold O\'Connell I', 'Odit qui earum repudiandae sunt iure ab praesentium. Quos natus iusto sequi est sequi. Ex velit eos assumenda itaque impedit ut unde est. Sint molestiae et repellat sit sed quam voluptatem.', 2, '2019-12-01 00:41:12', '2019-12-01 00:41:12'),
(66, 44, 'Delaney Robel IV', 'Rerum harum iste corporis a rerum est ea. Culpa autem sed ad.', 0, '2019-12-01 00:41:12', '2019-12-01 00:41:12'),
(67, 26, 'Zechariah Gusikowski', 'Dignissimos reiciendis blanditiis distinctio sint unde. Rerum quo dolorum veritatis libero possimus. Cumque atque adipisci non adipisci pariatur. Laboriosam dolorem voluptatum architecto.', 0, '2019-12-01 00:41:12', '2019-12-01 00:41:12'),
(68, 98, 'Prof. Dedrick Runolfsdottir DVM', 'Aut odit nihil est error doloribus qui voluptatem. Vel labore voluptatem porro et culpa quasi sed. Similique consequuntur facere est quam.', 4, '2019-12-01 00:41:12', '2019-12-01 00:41:12'),
(69, 50, 'Nayeli Dietrich I', 'Libero qui est quia voluptatem autem dolorum. Vero cum debitis harum ut similique voluptatem optio et. Ut id dolor quam necessitatibus.', 4, '2019-12-01 00:41:13', '2019-12-01 00:41:13'),
(70, 65, 'Lawson Eichmann', 'Et tempore dolore eum laboriosam nostrum et cumque. Nostrum magni odit sit non est unde veniam. Corporis facere placeat voluptatem mollitia quos esse dicta.', 1, '2019-12-01 00:41:13', '2019-12-01 00:41:13'),
(71, 67, 'Paxton Goyette Sr.', 'Placeat molestias ex ipsum quos sint. Est et et repellendus harum. Officiis atque ab optio qui sunt. Recusandae optio voluptas tempore ratione occaecati aut.', 2, '2019-12-01 00:41:13', '2019-12-01 00:41:13'),
(72, 63, 'Izaiah Rath', 'Quas cupiditate autem tenetur deserunt. Architecto recusandae vero porro ut nulla ipsum. Sed atque eaque corporis in. Aut impedit esse aut reprehenderit neque incidunt.', 3, '2019-12-01 00:41:13', '2019-12-01 00:41:13'),
(73, 62, 'Casandra Veum', 'Excepturi ut dolore quidem a. Ut at modi qui. Molestiae deserunt dolores eligendi repudiandae doloremque possimus sunt.', 4, '2019-12-01 00:41:14', '2019-12-01 00:41:14'),
(74, 48, 'Dashawn Gibson', 'Et dolorem quaerat quis delectus. Beatae sapiente quos eos dolore aut vel eos amet. Pariatur qui tempora blanditiis consequatur eos sit tenetur rem. Voluptates id ut sint accusantium sit.', 1, '2019-12-01 00:41:14', '2019-12-01 00:41:14'),
(75, 73, 'Moshe Smith Jr.', 'Quidem maxime quia id ea voluptate voluptas. Repellat aut laboriosam in dignissimos. Consequatur itaque odit et aliquam numquam sint. Est eius illum voluptatibus sit iste nesciunt sunt molestiae.', 2, '2019-12-01 00:41:14', '2019-12-01 00:41:14'),
(76, 24, 'Jarvis Harber', 'Nisi consequatur nemo ut ipsum est. Nihil aliquam eius autem officiis. Qui ut ipsum dolores quo architecto dolorum eius inventore. Molestiae dolorum deleniti dolorem quaerat voluptatem neque. Voluptates accusamus in recusandae ut dolores asperiores non.', 4, '2019-12-01 00:41:14', '2019-12-01 00:41:14'),
(77, 53, 'Shemar Goldner II', 'Vitae nihil dolorem quis. Aut sit in cupiditate distinctio quas dicta tempora. Nemo delectus sint modi et vero dicta. Nihil iste laudantium eligendi in dolorem eum.', 1, '2019-12-01 00:41:14', '2019-12-01 00:41:14'),
(78, 52, 'Jane Jacobs', 'Repudiandae velit rerum autem rerum optio. Aut saepe quidem deleniti necessitatibus doloribus. Voluptas sed nulla repudiandae facere omnis. Consectetur sed ullam mollitia voluptates.', 4, '2019-12-01 00:41:14', '2019-12-01 00:41:14'),
(79, 31, 'Keagan Reinger', 'Sequi aut dolor aut nihil ut sunt qui. Nihil architecto ad corporis blanditiis. Qui vel ad corporis ut. Necessitatibus sint laboriosam et laboriosam perferendis dolor aliquid sed.', 0, '2019-12-01 00:41:14', '2019-12-01 00:41:14'),
(80, 86, 'Mr. Gaetano Koss', 'Pariatur sequi et in ex quas. Quae natus odio rerum ea quis voluptates autem. Sint quia fugit velit eveniet eos in. Et sit inventore iure quasi ut et nihil.', 1, '2019-12-01 00:41:14', '2019-12-01 00:41:14'),
(81, 46, 'Ivy McClure', 'Architecto voluptatem sit qui eius aut nihil et. Laudantium unde libero qui. Voluptas delectus suscipit dolorem et nesciunt aut eligendi earum.', 2, '2019-12-01 00:41:14', '2019-12-01 00:41:14'),
(82, 60, 'Ms. Juanita Witting I', 'Mollitia unde eius laudantium illum. Et impedit sunt blanditiis nesciunt ipsum et. Dolorum tempore aut aperiam quidem veritatis vero suscipit. Laboriosam at in sapiente illo ex sed.', 3, '2019-12-01 00:41:14', '2019-12-01 00:41:14'),
(83, 10, 'Lorenzo Murray', 'Esse doloremque explicabo rerum dolor qui magni. Quae et velit ullam. Molestiae nam id ut blanditiis aut. Et sapiente quos ullam facilis.', 1, '2019-12-01 00:41:14', '2019-12-01 00:41:14'),
(84, 29, 'Marquise Friesen', 'Sapiente aut explicabo atque possimus illo error nulla. Et nisi et itaque suscipit veritatis et minima. Eligendi voluptatem beatae cumque voluptatum asperiores.', 2, '2019-12-01 00:41:14', '2019-12-01 00:41:14'),
(85, 81, 'Ardella Rolfson', 'Adipisci vel vero fugit deserunt magni voluptatum. Omnis tempore labore adipisci autem et. Deserunt necessitatibus voluptatem voluptatum eum. Omnis non est esse laudantium.', 5, '2019-12-01 00:41:14', '2019-12-01 00:41:14'),
(86, 34, 'Shanie Little', 'Quibusdam natus ut quam quis. Ut inventore voluptatem corporis quod alias nobis. Distinctio dolor numquam reprehenderit atque. Enim et iste vel facilis dignissimos hic omnis.', 5, '2019-12-01 00:41:14', '2019-12-01 00:41:14'),
(87, 72, 'Cicero Graham', 'Officiis vel odio dolorem ut velit. Vel voluptatum expedita quibusdam harum. Pariatur explicabo qui beatae ut.', 5, '2019-12-01 00:41:14', '2019-12-01 00:41:14'),
(88, 42, 'Willie Ruecker', 'Qui non laboriosam adipisci quo. Facilis veniam aliquid consequatur distinctio excepturi. Deserunt totam tempora ea. Blanditiis eius velit sunt veritatis aut facilis reprehenderit. Ipsum veniam ullam tempore dolor sunt esse velit.', 0, '2019-12-01 00:41:14', '2019-12-01 00:41:14'),
(89, 54, 'Walton Nitzsche V', 'Est consequatur ea dolore placeat. Quod ex maxime expedita quo vitae. Labore ut omnis aliquam.', 0, '2019-12-01 00:41:14', '2019-12-01 00:41:14'),
(90, 64, 'Ms. Kathryne Stamm', 'Dicta animi aut aut ut molestiae eveniet sapiente odio. Laboriosam temporibus non ab consequuntur et qui excepturi. Et quos quisquam perspiciatis veniam voluptatem autem.', 0, '2019-12-01 00:41:14', '2019-12-01 00:41:14'),
(91, 87, 'Alexzander Emard I', 'Sint quia debitis debitis dolores et voluptates est. Dolores aut velit voluptate accusantium tenetur et. Animi totam vero at quis est. Eum vero et iure omnis accusamus.', 4, '2019-12-01 00:41:14', '2019-12-01 00:41:14'),
(92, 40, 'Prof. Jalen Howell II', 'Autem laboriosam magni eum nesciunt eum cupiditate. Et impedit alias accusantium totam temporibus. In perspiciatis aut sint quod molestiae. Quae sapiente minus aliquam ratione.', 5, '2019-12-01 00:41:14', '2019-12-01 00:41:14'),
(93, 50, 'Dr. Brianne Cormier', 'Laboriosam consequuntur molestiae maxime. Rem omnis beatae similique rem quo. Aliquid vero nemo placeat qui laudantium. Qui perspiciatis et velit enim nemo sunt. Odio rerum laborum alias voluptas nesciunt quod ipsum.', 4, '2019-12-01 00:41:14', '2019-12-01 00:41:14'),
(94, 68, 'Lee Purdy', 'Id dolor maiores et excepturi et consectetur dicta. Praesentium similique aut eius assumenda ut soluta quam blanditiis.', 2, '2019-12-01 00:41:15', '2019-12-01 00:41:15'),
(95, 13, 'Clementina Connelly', 'Ex velit veniam itaque neque similique itaque porro. Sit tempora fuga ut ut inventore nihil eaque est. Vitae assumenda quisquam doloremque. Voluptatem rerum est unde odit. Iste vitae quam sint voluptatum.', 5, '2019-12-01 00:41:15', '2019-12-01 00:41:15'),
(96, 56, 'Marvin Cassin', 'Itaque repellat qui possimus et tempora totam nulla excepturi. Et dolorum in dolores qui enim aliquam sed facilis. Consequuntur ut nulla iusto quo cumque. Non aspernatur iste sit est.', 1, '2019-12-01 00:41:15', '2019-12-01 00:41:15'),
(97, 14, 'Abdullah Roberts', 'Et ea id officiis velit tempore alias quo. Natus omnis aut illum cum inventore qui alias.', 4, '2019-12-01 00:41:15', '2019-12-01 00:41:15'),
(98, 41, 'Nannie Hartmann', 'Debitis repellat et mollitia. Optio cumque facere deleniti esse. Dicta alias exercitationem unde qui ex quis voluptas perferendis.', 1, '2019-12-01 00:41:15', '2019-12-01 00:41:15'),
(99, 96, 'Jeremy Tromp', 'Enim magnam deserunt blanditiis velit nam. Accusamus et aliquid ipsam temporibus distinctio. Hic sit consectetur quidem eos autem dolores. Libero maiores qui sed.', 2, '2019-12-01 00:41:15', '2019-12-01 00:41:15'),
(100, 16, 'Marguerite Bruen', 'Quos provident laudantium ut similique provident perspiciatis quia. Iste labore dolor labore aut necessitatibus omnis molestiae. Hic ullam voluptatem repudiandae qui. Corrupti ut pariatur voluptate ullam alias.', 5, '2019-12-01 00:41:15', '2019-12-01 00:41:15'),
(101, 6, 'Donna Barton DDS', 'Unde cumque repellat ipsam culpa quas voluptatem. Repellendus ullam et dolores a neque ad ea. Ad harum nam ducimus veniam.', 4, '2019-12-01 00:41:15', '2019-12-01 00:41:15'),
(102, 35, 'Prof. Trey Hessel', 'Rerum accusamus repellat voluptate voluptatem amet. Sunt quo ab architecto consequatur sit. Laboriosam autem ut a ipsa. Ut qui et voluptatem ipsam quam quia fugit tenetur.', 2, '2019-12-01 00:41:15', '2019-12-01 00:41:15'),
(103, 62, 'Dr. Bartholome Waelchi', 'Doloribus non omnis nulla. Ut incidunt repellat voluptas voluptatem sunt ut doloribus aut. Et quae ea libero dolorem.', 1, '2019-12-01 00:41:15', '2019-12-01 00:41:15'),
(104, 46, 'Pablo Batz', 'Expedita est quia aperiam. Consequuntur porro fugit eaque eius. Quia voluptas nulla vel vero.', 3, '2019-12-01 00:41:15', '2019-12-01 00:41:15'),
(105, 73, 'Dena Bogan', 'Voluptatem omnis officiis nesciunt sit aut fuga optio. Vero dolorem nulla ut et earum ea voluptatum. Autem illo in facilis sed dolorem iusto inventore.', 1, '2019-12-01 00:41:15', '2019-12-01 00:41:15'),
(106, 68, 'Mekhi Rodriguez Jr.', 'Sit excepturi aliquam repudiandae eaque eaque. Dolorum delectus eos est id ea. Quam ad accusamus architecto molestiae voluptas enim sunt.', 3, '2019-12-01 00:41:15', '2019-12-01 00:41:15'),
(107, 34, 'Percy McGlynn', 'Assumenda nulla deserunt accusamus totam dolore voluptatem pariatur dolorem. Libero quos id laudantium repellendus accusamus molestiae error. Saepe qui est mollitia autem. Quasi ipsum quae vel quia et eius et aut.', 0, '2019-12-01 00:41:15', '2019-12-01 00:41:15'),
(108, 76, 'Miss Lavina Bergnaum Jr.', 'Qui voluptate dolore molestias quibusdam deserunt placeat qui. At labore sit ipsa ab et consequatur. Ipsum iure id quia amet quae dolorem officia provident. Ad consequatur in quidem accusamus accusantium quo. Voluptatem et voluptatem sed maiores qui non ut magnam.', 4, '2019-12-01 00:41:15', '2019-12-01 00:41:15'),
(109, 45, 'Percy Wolf', 'Fugiat odit quia asperiores inventore veritatis asperiores eius. Ipsa quasi officiis modi delectus aut laudantium aliquid.', 1, '2019-12-01 00:41:15', '2019-12-01 00:41:15'),
(110, 47, 'Mr. Pedro Vandervort', 'Eos eum et perferendis. Omnis iusto veniam voluptatem tempore praesentium doloremque. Praesentium expedita mollitia illo inventore vitae laboriosam.', 4, '2019-12-01 00:41:15', '2019-12-01 00:41:15'),
(111, 29, 'Meghan Willms', 'Dolor ea sit ut accusantium. Est ut et autem doloribus dolor tempore nihil. Vel aut aut culpa molestias. Ut magnam voluptatem ad dolores fugit ratione.', 3, '2019-12-01 00:41:15', '2019-12-01 00:41:15'),
(112, 12, 'Armani Harber', 'Tempora sed aut impedit voluptas explicabo rerum. Dolorem sed eveniet quo dolore sit laborum. Quae aliquam officiis expedita ipsam nostrum eum earum.', 2, '2019-12-01 00:41:15', '2019-12-01 00:41:15'),
(113, 50, 'Barry Bins', 'Incidunt ea eligendi rerum non occaecati aut omnis. Ex harum mollitia sit ut ipsam minima. Quia doloremque eveniet autem occaecati optio ab.', 3, '2019-12-01 00:41:15', '2019-12-01 00:41:15'),
(114, 93, 'Bette Pagac', 'Aliquam nostrum ea qui. Iusto corrupti exercitationem tempore corporis rerum. Molestiae omnis maxime vel iure quisquam sit in tempora. Voluptas ratione dolore corporis quam quasi ut.', 4, '2019-12-01 00:41:15', '2019-12-01 00:41:15'),
(115, 67, 'Aliyah Hagenes', 'Delectus quo et maiores eaque a aut delectus ut. Nemo et architecto sapiente. Itaque illo et consectetur rerum aliquam. Dolores autem tempore iure rerum accusantium aut aliquam totam.', 4, '2019-12-01 00:41:16', '2019-12-01 00:41:16'),
(116, 19, 'Prof. Jerod Kling', 'Non optio necessitatibus magni sunt laborum magni voluptate. Explicabo repellendus error corrupti qui necessitatibus et tempore. Aut libero consequatur odio et provident.', 3, '2019-12-01 00:41:16', '2019-12-01 00:41:16'),
(117, 70, 'Chelsey Konopelski', 'Nam atque excepturi ut facilis. Deleniti voluptas libero ex. Dicta eum ut dolore debitis excepturi voluptas.', 4, '2019-12-01 00:41:16', '2019-12-01 00:41:16'),
(118, 53, 'Miss Nina Dietrich', 'Ab facilis minima repellat deleniti minus incidunt. Iure et commodi ipsam. Nam vel iusto et illo voluptate doloremque.', 2, '2019-12-01 00:41:16', '2019-12-01 00:41:16'),
(119, 46, 'Damion Altenwerth', 'Nihil blanditiis voluptas provident eius et illo. Voluptate provident ab quo consectetur. Culpa unde in unde voluptatem debitis delectus. Quas incidunt in laborum ut explicabo laborum ad.', 1, '2019-12-01 00:41:16', '2019-12-01 00:41:16'),
(120, 2, 'Dr. Victoria Jacobs Sr.', 'Dolor ea vel facilis. Aperiam quas et molestiae inventore est cum aut. Delectus debitis maiores nulla magnam similique odit voluptatem ut.', 2, '2019-12-01 00:41:16', '2019-12-01 00:41:16'),
(121, 58, 'Lora Kassulke', 'Voluptas esse vitae dolor quia nam eos. Quas voluptatibus enim a nesciunt earum voluptatem officia. Sapiente maxime rerum aliquam.', 5, '2019-12-01 00:41:16', '2019-12-01 00:41:16'),
(122, 73, 'Kariane Bernier', 'Possimus iure vero et ipsa dolorem quibusdam recusandae. Aut laudantium aspernatur incidunt ratione at iure.', 1, '2019-12-01 00:41:16', '2019-12-01 00:41:16'),
(123, 59, 'Jessica Herman', 'Ut aperiam aut commodi consequatur sit. Qui ut magnam debitis et a. Consequatur voluptatem quam molestias quisquam ipsam velit. Ab aut quia necessitatibus.', 1, '2019-12-01 00:41:16', '2019-12-01 00:41:16'),
(124, 49, 'Miss Megane Kub DVM', 'Dolores rem et nobis. Eaque quo corporis libero ut. Quo aliquam voluptate magnam incidunt magni ullam.', 1, '2019-12-01 00:41:16', '2019-12-01 00:41:16'),
(125, 36, 'Prof. Stephania Dooley DDS', 'Quia est non explicabo quidem corporis enim dolore. Quod est doloremque cum quibusdam optio. Nisi vel sunt ut unde officia et. Qui nulla nesciunt omnis aut recusandae autem deleniti.', 1, '2019-12-01 00:41:17', '2019-12-01 00:41:17'),
(126, 52, 'Miss Ova Schulist DVM', 'Voluptatem deleniti omnis natus. Excepturi autem autem aspernatur voluptatem. Repudiandae molestias exercitationem at quia quia iure.', 5, '2019-12-01 00:41:17', '2019-12-01 00:41:17'),
(127, 32, 'Adriana Bergnaum IV', 'Qui itaque itaque adipisci ut. Est itaque impedit vero vitae et reiciendis velit. Aut labore quo est molestiae mollitia et aut. Reiciendis amet assumenda et nisi.', 4, '2019-12-01 00:41:17', '2019-12-01 00:41:17'),
(128, 33, 'Horacio Marquardt', 'Dolorem odit quasi cum harum. Nemo autem reprehenderit quo nisi sit unde. Qui illum occaecati at sequi non. Laboriosam nesciunt sequi consequatur.', 5, '2019-12-01 00:41:17', '2019-12-01 00:41:17'),
(129, 96, 'Cleveland Kovacek', 'Id quae aut sunt tenetur distinctio non exercitationem tempora. Neque sed ut suscipit. Sint sapiente quis sapiente ducimus quisquam.', 2, '2019-12-01 00:41:17', '2019-12-01 00:41:17'),
(130, 51, 'Jade Ortiz', 'Occaecati perspiciatis et sit tempora sunt. Rem ut at aliquid tempora quia rerum asperiores. Odio iusto architecto aut quibusdam rem delectus sunt. Quo vel cupiditate sequi quidem eos.', 5, '2019-12-01 00:41:17', '2019-12-01 00:41:17'),
(131, 86, 'Cydney Auer MD', 'Tempora fuga eum ipsa quidem fuga quod. Enim nemo ullam ab deleniti. Dolorem at explicabo quasi ut explicabo. Et nam voluptatum quia fugiat.', 2, '2019-12-01 00:41:17', '2019-12-01 00:41:17'),
(132, 82, 'Ms. Elsie Bergnaum', 'Fugit dolorum recusandae unde. Quos ratione consectetur impedit sed dolore sed distinctio. Molestiae ad quia sit. Cumque et totam modi veritatis eligendi et.', 0, '2019-12-01 00:41:17', '2019-12-01 00:41:17'),
(133, 67, 'Prof. Ottilie Ebert II', 'Doloremque minus quo error perspiciatis. Quaerat tenetur est ea magnam possimus. Magnam quia esse vitae molestias debitis dolorem. Inventore dolore at eum odit sapiente laboriosam harum.', 2, '2019-12-01 00:41:17', '2019-12-01 00:41:17'),
(134, 27, 'Zita Mraz', 'Eius voluptatem accusantium consequatur quibusdam sequi eum nihil beatae. Minus aut accusamus velit. Hic aut aut quo ipsam et ea ut. Consequatur voluptatibus molestias omnis voluptatibus quis nam cupiditate.', 1, '2019-12-01 00:41:17', '2019-12-01 00:41:17'),
(135, 63, 'Willow Cole MD', 'Aut eligendi accusamus quasi fugiat ex eligendi temporibus doloribus. Officia dolorem eos totam fugiat distinctio.', 3, '2019-12-01 00:41:17', '2019-12-01 00:41:17'),
(136, 60, 'Herbert Morissette', 'Voluptas officiis aut est voluptate sed quisquam esse ipsa. Aliquid et beatae tempore molestias reprehenderit sit quisquam. Qui architecto consequuntur omnis placeat quo ea voluptas. Temporibus non velit sed sed quia.', 4, '2019-12-01 00:41:17', '2019-12-01 00:41:17'),
(137, 91, 'Reyna Johns', 'Error ut commodi reprehenderit dolor libero aperiam. Fuga est perspiciatis similique recusandae fugit. Placeat enim et suscipit aut inventore.', 2, '2019-12-01 00:41:17', '2019-12-01 00:41:17'),
(138, 78, 'Mr. Duncan Jakubowski', 'Modi maiores eos natus animi enim. A harum voluptas eligendi saepe quisquam. Placeat architecto eos velit facilis debitis amet quas. Dolores aut quas voluptatem dolorum ducimus.', 3, '2019-12-01 00:41:17', '2019-12-01 00:41:17'),
(139, 89, 'Prof. Joshuah Koepp', 'Est vel aut consequatur animi eum. Iure quasi perferendis inventore suscipit non ut. Amet molestiae sint pariatur incidunt voluptas et debitis minus.', 5, '2019-12-01 00:41:17', '2019-12-01 00:41:17'),
(140, 87, 'Paolo Crooks', 'Id voluptate ut doloribus dolorem rerum sed sunt. Deserunt itaque veritatis provident qui. Autem at officia enim totam possimus ea. Quo quas natus officiis velit ad cumque aut quam.', 5, '2019-12-01 00:41:17', '2019-12-01 00:41:17'),
(141, 83, 'Dr. Frieda Cummings', 'Qui minus nostrum ipsum possimus vel est. Nostrum et nihil et. Mollitia tempore eos molestiae ut consequuntur optio aut. Qui quia voluptatibus ut fugiat fugit non.', 4, '2019-12-01 00:41:17', '2019-12-01 00:41:17'),
(142, 87, 'Ollie Streich', 'Harum magni magnam ducimus dolorum. Quis ratione saepe ut quo. Est sunt illo labore aut tempore in voluptatibus.', 4, '2019-12-01 00:41:17', '2019-12-01 00:41:17'),
(143, 44, 'Dr. Abbie Zieme', 'Aut doloribus reiciendis doloribus aut. Ex fuga fuga omnis eum illum. Quaerat dolor voluptatem deserunt sapiente maxime delectus ipsam. Optio quia eligendi sit sed quis.', 1, '2019-12-01 00:41:17', '2019-12-01 00:41:17'),
(144, 17, 'Ayden Thompson', 'Quae alias ullam distinctio tempora voluptate. Quisquam dolor sit eos perferendis necessitatibus veritatis soluta. Repellendus molestiae nihil nostrum doloremque temporibus labore. Accusamus quod dignissimos nam iste.', 4, '2019-12-01 00:41:17', '2019-12-01 00:41:17'),
(145, 70, 'Laron King', 'Aliquid aut est qui quos ut qui ipsum. A corporis adipisci numquam cupiditate temporibus ea. Est aut est enim quas.', 2, '2019-12-01 00:41:17', '2019-12-01 00:41:17'),
(146, 32, 'Demond Abshire DVM', 'Amet quia pariatur omnis molestiae. Ducimus ratione vero sed quo. Qui eos id saepe aspernatur. Sit tempore et aut qui dolorum ex.', 1, '2019-12-01 00:41:17', '2019-12-01 00:41:17'),
(147, 31, 'Rowland Schuppe', 'Corrupti dolor nesciunt harum modi molestiae. Sed illum explicabo blanditiis cupiditate aut. Sit laboriosam quod aut quod est sit modi. Laboriosam modi exercitationem ut ad mollitia.', 1, '2019-12-01 00:41:18', '2019-12-01 00:41:18'),
(148, 47, 'Maurice Wyman', 'Est corrupti unde ad dolor atque aut aut. Sed velit magnam mollitia tempore. Eaque aliquam quidem ullam quia.', 1, '2019-12-01 00:41:18', '2019-12-01 00:41:18'),
(149, 54, 'Jaiden Hermiston', 'Et impedit ut non tempora vero. Facere adipisci aut sint et aut. Sit et quasi voluptatem aperiam sit. Quas nam accusamus praesentium sunt quia ut ut autem.', 3, '2019-12-01 00:41:18', '2019-12-01 00:41:18'),
(150, 2, 'Kacey Beer', 'Labore quasi sit enim ut. Quia quia nostrum commodi adipisci doloremque. Aut incidunt deleniti aspernatur harum laboriosam dolorum. Dolores itaque aut ab laudantium tempore.', 3, '2019-12-01 00:41:18', '2019-12-01 00:41:18'),
(151, 9, 'Miss Christine Stanton', 'Sit perferendis eaque a sequi. Officia eum labore facilis unde tempora enim. Quaerat corrupti et qui iste quos error. Veritatis necessitatibus esse recusandae aperiam modi.', 1, '2019-12-01 00:41:18', '2019-12-01 00:41:18'),
(152, 19, 'Andres Klein', 'Et omnis autem porro molestiae ducimus velit. Cumque deleniti magnam molestiae consequatur est aspernatur. Sed suscipit error non sed mollitia. Quo omnis ratione sint ullam.', 2, '2019-12-01 00:41:18', '2019-12-01 00:41:18'),
(153, 69, 'Dr. Herbert Ward IV', 'Accusamus blanditiis magni velit dicta maxime amet molestiae. Sit nihil error voluptatum id. Et dolores id atque ea aut laborum vel sunt. Facilis dolores ipsum et quia impedit molestias.', 2, '2019-12-01 00:41:18', '2019-12-01 00:41:18'),
(154, 23, 'Annabell Stracke', 'Qui earum dicta ut vitae. Atque consequatur et et cum et. Placeat quod nesciunt soluta non.', 0, '2019-12-01 00:41:18', '2019-12-01 00:41:18'),
(155, 26, 'Dr. Reymundo Keeling IV', 'Sunt eaque natus non autem ut suscipit. Ea eligendi ut ut ex eos reiciendis. Fugiat explicabo error at dolores quod. Alias voluptas eum voluptatibus sed consectetur voluptatem ea.', 3, '2019-12-01 00:41:18', '2019-12-01 00:41:18'),
(156, 48, 'Hailee Balistreri', 'Autem omnis autem quas earum voluptas vero officiis. Consequuntur at libero quia dolor rerum esse qui quo. Similique consequatur voluptatibus dolore magnam nisi est nisi. Perferendis ut aliquid odio odio rem voluptatibus. Incidunt nam aut est consequatur quo voluptatem quibusdam.', 2, '2019-12-01 00:41:18', '2019-12-01 00:41:18'),
(157, 55, 'Joanny Larson', 'Eius beatae a et nihil assumenda eveniet in. Accusamus expedita enim natus consequuntur officiis molestias quasi.', 3, '2019-12-01 00:41:18', '2019-12-01 00:41:18'),
(158, 26, 'Sonny Rosenbaum', 'Quis itaque quia omnis praesentium. Praesentium omnis ut quae fuga suscipit. Rerum occaecati aliquid placeat.', 3, '2019-12-01 00:41:18', '2019-12-01 00:41:18'),
(159, 61, 'Dr. Hyman Torp', 'Dolorum odit ut quia sequi dolores earum voluptate. Quae dolores minus ratione commodi quas sit soluta. Ratione quam suscipit reiciendis ut architecto autem. Libero numquam harum eum aut quia rerum illo.', 3, '2019-12-01 00:41:18', '2019-12-01 00:41:18'),
(160, 47, 'Prof. Jalon Heathcote PhD', 'Sapiente non et et autem esse. Voluptatem eum vero ea saepe et excepturi maxime consequatur. Nesciunt sunt fugiat molestiae eius deleniti at nihil. Magni vero suscipit rerum recusandae quia pariatur veniam et.', 2, '2019-12-01 00:41:18', '2019-12-01 00:41:18'),
(161, 30, 'Mrs. Elissa Kirlin PhD', 'Autem aut accusamus iure est ratione. Deleniti et voluptas illum consectetur aut laudantium.', 1, '2019-12-01 00:41:18', '2019-12-01 00:41:18'),
(162, 48, 'Beryl Keeling', 'Dignissimos accusantium vitae sunt. Vero voluptas nobis eos consectetur error voluptatum. Est libero animi quo ut et.', 4, '2019-12-01 00:41:18', '2019-12-01 00:41:18'),
(163, 25, 'Mathew Jast', 'Quidem omnis non laborum recusandae eum nulla. Et enim modi sequi qui qui ducimus vitae provident. Modi magni temporibus atque.', 4, '2019-12-01 00:41:18', '2019-12-01 00:41:18'),
(164, 56, 'Trycia Kirlin DDS', 'Quo voluptatem deleniti consequuntur ea sit accusantium quidem. Ut sed vel qui quia quis. Officiis dolores sit ea et dolorem vel. Rerum blanditiis dicta illo qui earum rerum est.', 3, '2019-12-01 00:41:18', '2019-12-01 00:41:18'),
(165, 19, 'Sandy Greenfelder', 'Quis totam et dolores ut. In culpa quasi a quis. Magni qui nemo dolore. Iste facere rerum consequatur et quod. Recusandae est unde fuga officia suscipit porro facere odio.', 0, '2019-12-01 00:41:18', '2019-12-01 00:41:18'),
(166, 17, 'Dr. Marilou Powlowski', 'Quo beatae non numquam facere. Sequi eaque quia et. Sed cupiditate unde eius quae labore ea. Voluptatibus dolorem et rerum expedita. Alias praesentium aspernatur soluta autem qui.', 5, '2019-12-01 00:41:18', '2019-12-01 00:41:18'),
(167, 66, 'Adrian Runte', 'Dolores quaerat necessitatibus magnam est inventore sint nulla aut. Voluptate commodi consequatur libero vel sit. Voluptas in soluta ab dolore quia. Voluptatem molestiae qui a.', 3, '2019-12-01 00:41:18', '2019-12-01 00:41:18'),
(168, 11, 'Miss Tamia Schulist Jr.', 'Delectus sapiente voluptatibus repellendus nemo ullam. Adipisci sapiente est error.', 1, '2019-12-01 00:41:18', '2019-12-01 00:41:18'),
(169, 78, 'Verona Jones', 'Ut dolores itaque id ex sed aut. Repudiandae qui fugit eaque ratione odit eos aperiam fugit. Consequatur sit veritatis qui tempore veritatis. Quia nostrum nihil ipsum fuga.', 2, '2019-12-01 00:41:19', '2019-12-01 00:41:19'),
(170, 8, 'Elisabeth Jacobs', 'Et et et voluptate ratione repellat quasi quia modi. Aut fugiat temporibus quam accusantium. Suscipit consectetur consequatur natus voluptates. Accusantium adipisci in placeat qui alias. Vero dolor non mollitia itaque earum illo voluptate.', 4, '2019-12-01 00:41:19', '2019-12-01 00:41:19'),
(171, 28, 'Dr. Derick Graham', 'Nisi voluptatum placeat laudantium ut harum rerum aut. Aliquam reprehenderit laboriosam est sit aut et. Amet voluptatum qui eos deserunt quibusdam voluptatibus. Ducimus ullam est cupiditate repellendus.', 4, '2019-12-01 00:41:19', '2019-12-01 00:41:19'),
(172, 50, 'Ms. Jude Schimmel', 'A neque aperiam ut a accusamus. Eos explicabo non impedit quia. Dolor nobis accusantium aspernatur beatae explicabo voluptatem nihil.', 4, '2019-12-01 00:41:19', '2019-12-01 00:41:19'),
(173, 5, 'Pink Robel', 'Recusandae adipisci laudantium dolor at aspernatur. Est animi cupiditate quo quod. Tenetur temporibus dicta error deserunt. Similique odio blanditiis fugiat maiores.', 5, '2019-12-01 00:41:19', '2019-12-01 00:41:19'),
(174, 38, 'Ms. Angelita Gorczany', 'Iusto facilis impedit molestias et sint iste. Nisi porro et quae dolores repellat sunt deleniti. Quis eius eos aut voluptate similique distinctio. Illo quos et odio assumenda tempore recusandae.', 2, '2019-12-01 00:41:19', '2019-12-01 00:41:19'),
(175, 30, 'Prof. Hailee Spencer', 'Veniam saepe est debitis eligendi et occaecati. Corrupti voluptatibus magni molestiae aut ipsam est. Perferendis placeat perferendis saepe quaerat nam ex est.', 4, '2019-12-01 00:41:19', '2019-12-01 00:41:19'),
(176, 9, 'Alaina Ward', 'Perferendis quis voluptates voluptas dolore fuga est iusto. Ea veritatis molestiae eius voluptates deleniti. Laboriosam velit nesciunt ut saepe. Fugiat et voluptatem facilis sed doloribus rerum unde.', 0, '2019-12-01 00:41:19', '2019-12-01 00:41:19'),
(177, 94, 'Prof. Jaylin Ryan I', 'Molestiae id vero harum sed culpa cumque. Sed qui labore suscipit rem quidem. Blanditiis dolorem repellat exercitationem tempore.', 0, '2019-12-01 00:41:19', '2019-12-01 00:41:19'),
(178, 72, 'Palma Haley', 'Voluptatem aut dolores et eius nihil. Soluta aut nostrum sed corrupti earum voluptas. Reiciendis aperiam quaerat aliquam rerum temporibus magni id. Enim quaerat exercitationem sequi amet nihil expedita aut.', 5, '2019-12-01 00:41:19', '2019-12-01 00:41:19'),
(179, 43, 'Delores Strosin', 'Commodi magnam ab molestias sit neque aspernatur. Sit sunt velit quasi dolor laudantium minima voluptatibus. Ut sed et earum porro tempore dolore est.', 2, '2019-12-01 00:41:19', '2019-12-01 00:41:19'),
(180, 44, 'Mrs. Antonette D\'Amore V', 'Est animi ipsa rerum ratione quod aut omnis. Mollitia consectetur illum quasi voluptas. Ex accusamus labore est rerum nisi blanditiis. Dolor voluptate accusamus non consequuntur velit. Eos aut corporis perspiciatis.', 4, '2019-12-01 00:41:19', '2019-12-01 00:41:19'),
(181, 49, 'Marlene Sawayn Sr.', 'Asperiores ea cupiditate aut non similique ad illum. Placeat labore est pariatur error dolor omnis. Qui est iusto vitae doloremque nobis.', 1, '2019-12-01 00:41:19', '2019-12-01 00:41:19'),
(182, 99, 'Mrs. Kasandra Shields', 'Ut ea impedit ipsum non quo voluptas. Quisquam accusamus molestiae sed assumenda ducimus temporibus. Quam reprehenderit quo aut dolorum cum quis.', 5, '2019-12-01 00:41:19', '2019-12-01 00:41:19'),
(183, 71, 'Roel Macejkovic', 'Ex voluptatem odio error id numquam eius. Quam quis delectus quia et quam vel dolor. Officia corrupti rerum voluptatem et iste iure. Debitis aspernatur assumenda qui mollitia assumenda. Atque velit voluptas illum ut ex laborum voluptas.', 3, '2019-12-01 00:41:19', '2019-12-01 00:41:19'),
(184, 24, 'Chanel Wiegand', 'Et vitae molestias delectus itaque nesciunt. In ut aspernatur pariatur accusantium nostrum tempora. Qui est voluptatem temporibus nam. Officiis ipsum sunt eum sit aut exercitationem.', 0, '2019-12-01 00:41:19', '2019-12-01 00:41:19'),
(185, 26, 'Cayla Veum', 'Fuga molestias alias vel laboriosam numquam rerum ad. Ipsum officiis eligendi quidem qui facere. Similique sit aut consequatur quia et. Tenetur doloribus laboriosam ut nisi iure.', 2, '2019-12-01 00:41:19', '2019-12-01 00:41:19'),
(186, 24, 'Emmet Reichert', 'Recusandae rerum cupiditate quisquam id omnis dolor dolor. Qui voluptates quia eos beatae quod quis.', 4, '2019-12-01 00:41:19', '2019-12-01 00:41:19'),
(187, 2, 'Jazlyn King', 'Sit ea adipisci qui sunt facilis. Explicabo sunt rerum eum fugiat est enim sunt. Nulla excepturi qui aliquid labore nobis. Quia praesentium culpa voluptas quos.', 3, '2019-12-01 00:41:19', '2019-12-01 00:41:19'),
(188, 72, 'Ms. Shanie Pagac Sr.', 'Illum blanditiis qui debitis et sit corrupti autem rerum. Ut aut sint quibusdam sit et. Harum dolorum unde aut minus inventore ut optio.', 1, '2019-12-01 00:41:19', '2019-12-01 00:41:19'),
(189, 70, 'Jerel Altenwerth MD', 'At voluptates asperiores velit. Consequatur et est perferendis officia. Sit nam voluptas consectetur eos.', 1, '2019-12-01 00:41:20', '2019-12-01 00:41:20'),
(190, 48, 'Mr. Lorenzo Hand', 'Magnam earum consequatur autem iure quo. In qui iusto et voluptatem. Maxime debitis reiciendis est explicabo sed est.', 0, '2019-12-01 00:41:20', '2019-12-01 00:41:20'),
(191, 17, 'Mr. Hazle Leffler IV', 'Ut odio veritatis ipsum et. Sit cumque dolores architecto nulla. Non eligendi quia dolorem nobis adipisci aspernatur ut.', 0, '2019-12-01 00:41:20', '2019-12-01 00:41:20'),
(192, 99, 'Ansel McDermott', 'Commodi ut laudantium perspiciatis vero sint velit quia necessitatibus. Omnis quia quia sed non nihil ex. Facere tempore consequatur qui et velit eum non.', 3, '2019-12-01 00:41:20', '2019-12-01 00:41:20'),
(193, 37, 'Karolann Hills', 'Laudantium magni quaerat odio qui in voluptate. Dolor placeat quia vel recusandae doloremque. Est ut nobis molestiae veritatis et totam.', 5, '2019-12-01 00:41:20', '2019-12-01 00:41:20'),
(194, 37, 'Prof. Sterling Leuschke', 'Magni omnis quis quo provident dolorem quod similique. Occaecati exercitationem hic at porro. Quas necessitatibus inventore occaecati molestiae. Qui inventore quam quisquam blanditiis minus facere beatae.', 3, '2019-12-01 00:41:20', '2019-12-01 00:41:20'),
(195, 74, 'Jerrod Mills Sr.', 'Sapiente autem culpa assumenda beatae. Sit est commodi pariatur ullam. Aut perspiciatis magni consequuntur. Ducimus voluptatibus molestiae ducimus laudantium temporibus. Provident et aut voluptate omnis iure soluta.', 0, '2019-12-01 00:41:20', '2019-12-01 00:41:20'),
(196, 55, 'Mrs. Calista Aufderhar Jr.', 'Non sit autem dolorum iure ut placeat. Porro ducimus ut laboriosam nihil accusamus.', 4, '2019-12-01 00:41:20', '2019-12-01 00:41:20'),
(197, 91, 'Prof. Hailie Halvorson II', 'Illum vitae modi aut debitis. Incidunt ab asperiores est quas perferendis consequuntur. Fugit minus qui nihil explicabo laudantium qui veniam. Et quis at ea inventore. Alias quia qui aut omnis exercitationem distinctio.', 2, '2019-12-01 00:41:20', '2019-12-01 00:41:20'),
(198, 91, 'Diana Bernier', 'Enim occaecati iste molestiae dolorem. Et aut inventore maiores. Quia consectetur dignissimos sed ullam vel et.', 4, '2019-12-01 00:41:20', '2019-12-01 00:41:20'),
(199, 90, 'Dr. Marcelina Jakubowski IV', 'Consequatur non cum nihil reiciendis atque ipsam. Quis alias vero sit alias deserunt aut saepe. Impedit perspiciatis nihil totam doloribus delectus. Doloribus debitis laborum quo ipsum aut.', 3, '2019-12-01 00:41:21', '2019-12-01 00:41:21'),
(200, 73, 'Donato Gibson', 'Eaque tempora voluptas neque distinctio ducimus laudantium officia. Nesciunt rerum earum veniam molestiae sapiente ut molestias. Quasi tenetur vero et enim porro similique.', 3, '2019-12-01 00:41:21', '2019-12-01 00:41:21'),
(201, 40, 'Camille Doyle Sr.', 'Quis quia impedit rem incidunt. Sed incidunt cumque nihil cupiditate eos sequi consequatur. Maiores consectetur expedita facere ullam adipisci dolorem autem.', 2, '2019-12-01 00:41:21', '2019-12-01 00:41:21'),
(202, 45, 'Mr. Randy Jast I', 'In eaque voluptatem quo optio magni praesentium. Ut praesentium odio et ducimus et consequatur facilis eum. Voluptatibus consectetur velit iusto vero nam sunt.', 5, '2019-12-01 00:41:21', '2019-12-01 00:41:21'),
(203, 90, 'Prof. Elyssa Schowalter', 'Eaque mollitia pariatur temporibus non deserunt omnis aliquid ipsa. Sequi ut labore sunt maiores non. Quam occaecati rerum ipsum labore laboriosam. Voluptatibus amet a vel aut expedita autem qui voluptate.', 1, '2019-12-01 00:41:21', '2019-12-01 00:41:21'),
(204, 13, 'Ms. Marcelle Hyatt IV', 'Fugiat odit molestiae quisquam. Necessitatibus dolorem qui qui quae ratione. Temporibus aperiam laudantium excepturi. Nemo amet voluptas fugiat ut corporis eos.', 3, '2019-12-01 00:41:21', '2019-12-01 00:41:21'),
(205, 63, 'Joy White', 'Nam culpa sed nisi consequatur a et eos. Praesentium aliquid nesciunt neque modi iure esse.', 5, '2019-12-01 00:41:21', '2019-12-01 00:41:21'),
(206, 39, 'Dr. Lou Roberts DVM', 'Illum est saepe nesciunt rem veniam fugiat. At ut architecto delectus ut iusto aliquam blanditiis. Tempora officiis corrupti necessitatibus tempore.', 2, '2019-12-01 00:41:21', '2019-12-01 00:41:21');
INSERT INTO `reviews` (`id`, `product_id`, `customer`, `review`, `star`, `created_at`, `updated_at`) VALUES
(207, 82, 'Miss Paula Rolfson', 'Ea magni aut aut voluptatum sunt quidem. Aperiam sunt aut non iure consequatur modi voluptas. Velit quod dolor cum sequi. Officiis reiciendis iusto sed fugiat nihil veniam enim quae. Fugiat ad non cupiditate ut veritatis incidunt eos.', 1, '2019-12-01 00:41:21', '2019-12-01 00:41:21'),
(208, 81, 'Penelope Ratke DDS', 'Inventore voluptatem facilis sit delectus. Ut recusandae velit sint. Praesentium voluptas a ut aliquam vel perspiciatis non enim. Voluptatem officia quos accusamus atque velit velit.', 5, '2019-12-01 00:41:21', '2019-12-01 00:41:21'),
(209, 80, 'Jalen Lakin', 'Id nihil recusandae sit aut error illo recusandae quibusdam. Unde nihil nam consequuntur consequatur quae consequuntur voluptatem. Maiores est voluptatem aperiam recusandae.', 3, '2019-12-01 00:41:21', '2019-12-01 00:41:21'),
(210, 69, 'Earlene Ondricka', 'Est rem ipsa magni molestiae magnam. Velit qui aliquid voluptas molestiae necessitatibus.', 3, '2019-12-01 00:41:21', '2019-12-01 00:41:21'),
(211, 91, 'Prof. Shaina Vandervort Sr.', 'Veniam perferendis voluptatibus tempora error porro. Impedit dicta accusantium asperiores quod deleniti est est aut. Esse aut incidunt sint corrupti. Et voluptas ut voluptas mollitia.', 2, '2019-12-01 00:41:21', '2019-12-01 00:41:21'),
(212, 13, 'Dr. Bud Williamson V', 'Asperiores esse fuga ratione sed officia quas accusantium rerum. Est voluptate sed natus nobis. Dolorem vitae autem voluptas placeat delectus esse aut. Autem et commodi explicabo cumque perspiciatis mollitia vel.', 0, '2019-12-01 00:41:21', '2019-12-01 00:41:21'),
(213, 91, 'Jude Spencer', 'A eum unde facilis aut possimus. Quibusdam maxime sed ullam esse. Magni rerum est illum. Ut et error eos.', 0, '2019-12-01 00:41:21', '2019-12-01 00:41:21'),
(214, 31, 'Prof. Guiseppe Haag', 'Voluptatibus est aperiam eos commodi. Amet eaque dolorem ut et earum. Necessitatibus necessitatibus modi voluptas. Quis natus quia maxime laudantium ipsam eum vel porro.', 3, '2019-12-01 00:41:21', '2019-12-01 00:41:21'),
(215, 10, 'Asia Price', 'Est veritatis hic aut nam. Amet ullam voluptatem vel autem. Ipsum neque vitae numquam ipsum ea voluptas consequatur. Occaecati molestias optio omnis ut ut enim temporibus.', 5, '2019-12-01 00:41:21', '2019-12-01 00:41:21'),
(216, 53, 'Mr. Mitchell Mann PhD', 'Numquam at accusamus et incidunt illum voluptates ut accusantium. Cum voluptatem hic beatae facere exercitationem fuga rerum. Est possimus quia id et magnam. Atque amet delectus aut perferendis.', 5, '2019-12-01 00:41:21', '2019-12-01 00:41:21'),
(217, 29, 'Ms. Natalie Kuphal', 'Sed nobis provident quia eveniet quia officia eveniet. Est eveniet soluta facilis quidem sint qui fugiat dicta. Corrupti ex vel labore optio quia alias voluptas.', 2, '2019-12-01 00:41:21', '2019-12-01 00:41:21'),
(218, 47, 'Ethel Wintheiser', 'Dolorum atque occaecati accusantium provident assumenda tenetur. Laudantium incidunt iusto modi in dolorem enim velit. Velit illo quisquam minima a aut a aut quis.', 3, '2019-12-01 00:41:21', '2019-12-01 00:41:21'),
(219, 40, 'Nona Haag', 'Exercitationem placeat voluptatum cupiditate vel enim unde quis qui. Et quibusdam dicta et laboriosam sit quas autem iste. Pariatur aliquam ipsum adipisci rerum aut est nam. Fuga tenetur commodi aut rerum.', 3, '2019-12-01 00:41:21', '2019-12-01 00:41:21'),
(220, 81, 'Dan Feeney', 'Laudantium error id labore soluta. Consequatur vero omnis dignissimos tempora quod eum. Dolorem cum veniam excepturi et facere. Similique porro voluptas et consequatur soluta.', 4, '2019-12-01 00:41:22', '2019-12-01 00:41:22'),
(221, 6, 'Eliane Walker', 'Earum et ipsum error quos similique. Minus reiciendis nihil voluptas qui nobis ea aut. Ea odit rerum voluptatem qui at consectetur. Numquam mollitia ipsum pariatur quia sit reprehenderit molestiae aut.', 5, '2019-12-01 00:41:22', '2019-12-01 00:41:22'),
(222, 41, 'Ms. Verlie Bergnaum III', 'Est aut veritatis odit vel vitae corporis magni cumque. Corporis id voluptas atque autem atque quidem. Qui exercitationem enim ut eos consequatur similique.', 4, '2019-12-01 00:41:22', '2019-12-01 00:41:22'),
(223, 90, 'Danielle Lemke', 'Rerum iste dolore et et sed quos praesentium libero. Et quia dolores omnis occaecati qui.', 1, '2019-12-01 00:41:22', '2019-12-01 00:41:22'),
(224, 24, 'Vince Lynch', 'Aliquam velit dolores soluta vel accusantium repellendus enim. Eaque deleniti provident commodi unde iure. Doloremque nihil officiis tempora quia neque modi quia totam.', 1, '2019-12-01 00:41:22', '2019-12-01 00:41:22'),
(225, 74, 'Wilson Ullrich', 'Qui error ut pariatur. Quo praesentium nesciunt ratione iusto sit nam. In et doloribus aut aliquam. Natus voluptas est quos ut.', 1, '2019-12-01 00:41:22', '2019-12-01 00:41:22'),
(226, 67, 'Prof. Dallas Kozey', 'Aspernatur enim corrupti harum soluta nisi distinctio sit qui. Ut officia veniam qui molestiae. Totam deleniti est quia quas et velit rem aperiam.', 2, '2019-12-01 00:41:22', '2019-12-01 00:41:22'),
(227, 53, 'Flossie Cormier DVM', 'Vitae impedit error nemo. Consequatur blanditiis laborum voluptatum possimus pariatur et qui. Excepturi omnis neque nulla praesentium natus omnis quasi.', 0, '2019-12-01 00:41:22', '2019-12-01 00:41:22'),
(228, 93, 'Oren Kunze', 'Qui et veniam cumque aut. Dolor esse inventore molestias maxime voluptas id. Eum reiciendis non numquam eaque saepe recusandae delectus.', 5, '2019-12-01 00:41:22', '2019-12-01 00:41:22'),
(229, 24, 'Prof. Nola Purdy', 'Ab veritatis error excepturi a accusamus sed. Facilis reprehenderit eius consequatur rerum et. Autem eum minus illum sequi dolorem aspernatur nesciunt.', 2, '2019-12-01 00:41:22', '2019-12-01 00:41:22'),
(230, 81, 'Rosalia Mante', 'Dignissimos perferendis voluptatem expedita totam. Cupiditate sed ipsa unde rem ut accusantium omnis. Accusantium reiciendis reiciendis commodi quaerat deserunt rerum. Consequatur rem vero ratione ullam aut nostrum est.', 3, '2019-12-01 00:41:22', '2019-12-01 00:41:22'),
(231, 93, 'Ozella Carroll', 'Sit et cupiditate eius qui. Maxime eos quibusdam rem id.', 1, '2019-12-01 00:41:22', '2019-12-01 00:41:22'),
(232, 39, 'Prof. Kenton Feeney', 'Incidunt eos voluptate officiis in et nam expedita. Error aut quis ducimus est ipsa aut quas. Fuga repudiandae qui qui tenetur magnam molestias sapiente nulla. Aspernatur possimus magni quasi expedita. Ullam dolor non consequatur temporibus.', 5, '2019-12-01 00:41:22', '2019-12-01 00:41:22'),
(233, 63, 'Tessie Heller', 'A debitis dicta dolorem aut voluptatem quam. Omnis nam et sunt ex dolorem ea. Fuga quisquam molestiae et ipsum ratione sit perferendis ipsa. Quam nemo illum tempore.', 4, '2019-12-01 00:41:22', '2019-12-01 00:41:22'),
(234, 82, 'Jovani Jones', 'Optio reprehenderit quasi corrupti voluptas. Dolorem qui molestiae doloremque rerum. Vero id repellendus dolorem quia aut. Maxime qui similique fuga et sequi.', 0, '2019-12-01 00:41:22', '2019-12-01 00:41:22'),
(235, 41, 'Adele Hegmann', 'Laboriosam et provident voluptas aperiam qui natus. Quae ullam eum unde fugiat consequatur voluptas. Eum sequi possimus magni eos voluptatem.', 2, '2019-12-01 00:41:22', '2019-12-01 00:41:22'),
(236, 60, 'Iva Cummerata', 'Quisquam et totam ipsa ut sequi earum totam. Ut distinctio unde explicabo iusto. Sint consequuntur vel nulla.', 1, '2019-12-01 00:41:22', '2019-12-01 00:41:22'),
(237, 7, 'Mrs. Patience Dickens', 'Reprehenderit debitis consequatur magni temporibus sequi. Cupiditate qui voluptatem est delectus iusto. Dolor eaque architecto quo non in maxime. Iusto in alias nulla culpa et.', 1, '2019-12-01 00:41:22', '2019-12-01 00:41:22'),
(238, 16, 'Mr. Rick Rutherford Jr.', 'Assumenda ea quisquam recusandae non. Consectetur aut aperiam omnis et voluptate. Dignissimos autem ducimus qui culpa eveniet magnam.', 5, '2019-12-01 00:41:22', '2019-12-01 00:41:22'),
(239, 11, 'Elinor Rempel', 'Sunt consequuntur voluptate delectus omnis incidunt quos animi doloremque. Nam aut qui fugiat nemo numquam. Voluptatem consequatur et neque expedita omnis id. Occaecati praesentium aut distinctio error provident voluptatem. Sint veniam et aut vel est eaque.', 1, '2019-12-01 00:41:22', '2019-12-01 00:41:22'),
(240, 99, 'Shemar Smith', 'Delectus enim earum ut beatae accusantium exercitationem. Consequatur et temporibus laudantium quo. Recusandae aut et sunt sunt ipsa. Soluta provident alias dolores mollitia et magni.', 5, '2019-12-01 00:41:23', '2019-12-01 00:41:23'),
(241, 46, 'Jayde Donnelly', 'Suscipit quae consequatur et veritatis. Dignissimos asperiores id eaque provident facere pariatur veritatis. Aut cumque labore esse blanditiis ut sed libero. Aut ducimus recusandae et voluptatem.', 3, '2019-12-01 00:41:23', '2019-12-01 00:41:23'),
(242, 87, 'Mr. Gabe Jast MD', 'Aperiam molestias recusandae non facilis. Adipisci consectetur facere quia corporis. Sunt dolores temporibus aut vel ex et aut. Tempora aut dicta enim delectus atque officia.', 5, '2019-12-01 00:41:23', '2019-12-01 00:41:23'),
(243, 20, 'Twila Morissette', 'Velit eum ab consequatur. Explicabo aut dicta nobis error odit expedita. Eos autem repellendus atque. Enim vel rerum quo occaecati sed.', 0, '2019-12-01 00:41:23', '2019-12-01 00:41:23'),
(244, 31, 'Rosemary Wilkinson', 'Sit voluptatem impedit harum eius sint iste. Possimus et rerum earum dicta et. Omnis et ipsum iure earum. Aut corporis odio enim amet ad consectetur rem.', 2, '2019-12-01 00:41:23', '2019-12-01 00:41:23'),
(245, 78, 'Dr. Keeley Will Sr.', 'Nihil recusandae cum enim et. Facere pariatur id et ipsum consequatur quia consequatur distinctio. Voluptatem tempore aut omnis ut mollitia dolore consectetur officiis. Voluptatibus voluptatem incidunt sit amet.', 0, '2019-12-01 00:41:23', '2019-12-01 00:41:23'),
(246, 23, 'Ferne Batz', 'Omnis optio quidem nostrum voluptatibus. Dolores totam nisi porro ut eligendi numquam facere. Quae ipsa est quo sint fugit sint. Quis molestias sint laboriosam mollitia voluptatem est.', 1, '2019-12-01 00:41:24', '2019-12-01 00:41:24'),
(247, 17, 'Gladys McCullough', 'Numquam voluptatum cumque placeat non. Tempore voluptas quam explicabo quo ducimus molestias facere. Molestias atque est recusandae sed voluptas.', 5, '2019-12-01 00:41:24', '2019-12-01 00:41:24'),
(248, 47, 'Frederik Barton', 'Incidunt numquam eligendi et nobis. Inventore voluptate aspernatur et quisquam voluptatem consequatur. Dolores odit accusamus vitae voluptatem sequi. Eaque nesciunt dicta omnis temporibus architecto.', 1, '2019-12-01 00:41:24', '2019-12-01 00:41:24'),
(249, 77, 'Leilani Hettinger DVM', 'Et qui necessitatibus quae doloribus et. Molestiae omnis debitis est ea ut. Aut error sapiente corporis recusandae. Necessitatibus corrupti voluptatum nemo praesentium aperiam repellat qui.', 3, '2019-12-01 00:41:24', '2019-12-01 00:41:24'),
(250, 28, 'Kane Schumm', 'Libero sit aut ipsam vero a facilis. Quidem quo aut sunt. Inventore sit autem rerum.', 4, '2019-12-01 00:41:24', '2019-12-01 00:41:24'),
(251, 90, 'Abby O\'Connell', 'Voluptas eveniet est quia ut dolores in animi. A sint possimus suscipit eaque tempora. Nemo velit sunt voluptates sint distinctio dolore.', 4, '2019-12-01 00:41:24', '2019-12-01 00:41:24'),
(252, 77, 'Shayne Treutel', 'Maxime vel voluptatum veniam quae libero eos. Enim assumenda voluptatum blanditiis eos suscipit dolorem eum. Quasi quia in qui autem quam.', 0, '2019-12-01 00:41:24', '2019-12-01 00:41:24'),
(253, 18, 'Robyn Corwin', 'Ullam nihil iste sed at dolore pariatur aut sint. Qui aut quos reiciendis ea maiores molestias necessitatibus eum. Nulla sunt molestiae quia odio eius quidem.', 4, '2019-12-01 00:41:24', '2019-12-01 00:41:24'),
(254, 93, 'Misael Toy IV', 'Ipsa ex non odit cum est quo. Sit molestiae voluptas sapiente velit. Vel et consectetur sint nesciunt. Necessitatibus neque aut consectetur quaerat maxime consequatur.', 4, '2019-12-01 00:41:24', '2019-12-01 00:41:24'),
(255, 23, 'Jeffery Casper', 'Ea voluptas consequatur pariatur in vitae minima. Quidem consequuntur excepturi distinctio voluptas. Maxime explicabo ipsam et in sit eius. Velit nulla officia cupiditate voluptas quia placeat neque.', 3, '2019-12-01 00:41:24', '2019-12-01 00:41:24'),
(256, 90, 'Prof. Mariano Bashirian', 'Commodi omnis blanditiis quis quia enim. Eum ullam repellendus est sit. Minus non et reprehenderit itaque explicabo aut.', 5, '2019-12-01 00:41:24', '2019-12-01 00:41:24'),
(257, 93, 'Miss Hettie Kassulke II', 'Aut aliquid alias nostrum sit explicabo. Enim ullam et rerum sit. Perspiciatis eveniet aut possimus modi facere rerum quas.', 3, '2019-12-01 00:41:24', '2019-12-01 00:41:24'),
(258, 37, 'Lavern Reichel II', 'Nihil ut corrupti eaque aut eaque ea vel. Iusto autem quo et sunt.', 4, '2019-12-01 00:41:25', '2019-12-01 00:41:25'),
(259, 73, 'Luella McLaughlin', 'Dicta dolor magni officia non est excepturi. Recusandae tempora voluptatem libero blanditiis. Animi odit numquam omnis ipsam.', 2, '2019-12-01 00:41:25', '2019-12-01 00:41:25'),
(260, 99, 'Lilla Mosciski', 'Sequi ut molestias beatae soluta aspernatur repellendus. Quia quaerat dolores et tempore. Fugit laborum amet enim aliquam et voluptatem.', 4, '2019-12-01 00:41:25', '2019-12-01 00:41:25'),
(261, 46, 'Destinee Stanton', 'Est distinctio omnis et architecto. Molestiae dolores et officia. Quisquam quo ab est dignissimos aspernatur. Harum architecto rerum nam impedit cum autem odio perspiciatis.', 3, '2019-12-01 00:41:25', '2019-12-01 00:41:25'),
(262, 5, 'Kraig Kertzmann', 'Eos eaque praesentium aperiam aliquam velit. A delectus consequatur eos voluptatum pariatur. Asperiores ea deserunt repellendus asperiores explicabo quas aspernatur. Vero dolores repellendus occaecati magni ab.', 5, '2019-12-01 00:41:25', '2019-12-01 00:41:25'),
(263, 78, 'Jeanette Douglas', 'Sapiente nihil et pariatur magni. Ab quasi aut hic iure. Numquam delectus quia reprehenderit quod nobis. Eos qui quidem cumque quo dignissimos iste.', 2, '2019-12-01 00:41:25', '2019-12-01 00:41:25'),
(264, 34, 'Nia Marvin', 'Et placeat voluptas nemo consectetur iure maxime omnis. Animi porro deleniti assumenda nihil. Aut rerum inventore repellat occaecati enim quis et tenetur. Expedita maiores aut occaecati totam reiciendis.', 4, '2019-12-01 00:41:25', '2019-12-01 00:41:25'),
(265, 17, 'Sydni Wiza', 'Aspernatur totam eveniet qui ex. Vero quaerat ad incidunt dolor. Saepe aut ut aspernatur sunt excepturi. Sint velit facilis facilis voluptas atque quo molestiae aut. Iure commodi magnam qui odit facilis tempora qui sint.', 2, '2019-12-01 00:41:26', '2019-12-01 00:41:26'),
(266, 63, 'Clarissa Larson', 'Minus eum dolore nihil quaerat earum. Quasi assumenda sint est quibusdam nemo reiciendis. Architecto quis quaerat iure temporibus ut aliquid exercitationem. Laborum deserunt quisquam excepturi vero eos.', 2, '2019-12-01 00:41:26', '2019-12-01 00:41:26'),
(267, 87, 'Eli Herman', 'Eligendi tenetur sed nihil. Nam non ut deserunt dolor aut nihil. Cumque magnam sed rerum accusantium odit libero qui.', 5, '2019-12-01 00:41:26', '2019-12-01 00:41:26'),
(268, 95, 'Dr. Roderick Kris', 'Ut maxime porro molestiae. Eos temporibus deleniti quo consectetur sint voluptatum quia. Labore consequuntur rerum odio maiores.', 3, '2019-12-01 00:41:26', '2019-12-01 00:41:26'),
(269, 41, 'Kylee Carroll', 'Maxime optio ducimus voluptatum aut. Velit voluptatem fugiat laboriosam quia omnis non fugit. Aliquid dolorem quia neque fugit reprehenderit.', 0, '2019-12-01 00:41:26', '2019-12-01 00:41:26'),
(270, 46, 'Dr. Aliya Kerluke IV', 'Earum eum quia doloremque distinctio consectetur. Non quia cum reprehenderit incidunt qui.', 0, '2019-12-01 00:41:26', '2019-12-01 00:41:26'),
(271, 20, 'Libbie Cummerata', 'Consequatur quas aut architecto qui est sit enim. Doloremque iste est numquam dignissimos velit. Asperiores pariatur dolor quaerat esse omnis. Et non dicta quis libero et.', 5, '2019-12-01 00:41:26', '2019-12-01 00:41:26'),
(272, 96, 'Rosario Kemmer', 'Eaque unde ipsam fuga excepturi nihil. Animi fugiat provident cum possimus. Natus voluptates accusantium nisi harum et. Dolore consequatur laboriosam vel.', 0, '2019-12-01 00:41:26', '2019-12-01 00:41:26'),
(273, 6, 'Miss Enola Hansen', 'Excepturi excepturi quam illo voluptate dicta deleniti ab. Dolores eos ex debitis rerum. Est temporibus numquam nesciunt aut eos illum. Eum et est a quia mollitia occaecati sint. Voluptatum sit sed consectetur quisquam.', 5, '2019-12-01 00:41:26', '2019-12-01 00:41:26'),
(274, 2, 'Carey Schaefer', 'Sed deleniti autem nostrum et rerum voluptatem soluta laboriosam. Illum exercitationem sed quo cupiditate consequatur ipsum ipsum. Accusantium quis expedita dolore dolore voluptate eaque quidem. Dolorum consequuntur saepe sapiente hic possimus repellendus unde qui.', 0, '2019-12-01 00:41:26', '2019-12-01 00:41:26'),
(275, 72, 'Prof. Pauline Becker V', 'Voluptatem repellendus mollitia non. Assumenda quisquam nam dolorem. Sint ratione id quis laborum aut dignissimos sit.', 1, '2019-12-01 00:41:26', '2019-12-01 00:41:26'),
(276, 85, 'Ahmad Abbott', 'Blanditiis explicabo nihil eos dolorem. Nostrum ad laborum error eos et quia.', 5, '2019-12-01 00:41:26', '2019-12-01 00:41:26'),
(277, 90, 'Roosevelt Hoppe', 'Accusantium praesentium qui in minima laudantium laborum. Voluptatem odit non cumque atque sed. Sit aperiam quidem aut illum. Inventore unde quibusdam corrupti accusantium omnis.', 3, '2019-12-01 00:41:27', '2019-12-01 00:41:27'),
(278, 12, 'Dr. Lavern Abernathy IV', 'Et voluptatem amet voluptatibus reiciendis tenetur sed assumenda. Hic omnis fugiat eligendi consectetur ducimus fugiat est. Non aut vitae odit quia.', 5, '2019-12-01 00:41:27', '2019-12-01 00:41:27'),
(279, 1, 'Zola Dicki', 'Quia voluptates aperiam eos soluta. Vel ut mollitia consectetur deserunt. Et qui dolores officia quibusdam. Veritatis beatae nulla eos aut dolorem.', 3, '2019-12-01 00:41:27', '2019-12-01 00:41:27'),
(280, 69, 'Claud Deckow DDS', 'Culpa ex nulla officiis illum recusandae doloribus quis. Quidem aliquam exercitationem facilis consequatur tempore eos sed. Possimus quis est doloribus molestiae vel eum. Assumenda quos est dolor quia natus nihil exercitationem voluptas.', 2, '2019-12-01 00:41:27', '2019-12-01 00:41:27'),
(281, 1, 'Cade Kuhlman', 'Debitis repudiandae deserunt sapiente dolorem porro numquam magnam. Earum enim sint quo magni sequi occaecati et. Dolorum voluptatum quis exercitationem dolorem veritatis voluptates. Deserunt autem autem qui repudiandae veniam a libero.', 2, '2019-12-01 00:41:27', '2019-12-01 00:41:27'),
(282, 40, 'Shad Schimmel', 'Aperiam possimus modi accusantium minus delectus sint. Earum necessitatibus possimus molestiae sunt et. Qui soluta tempora est dicta assumenda ea. Autem blanditiis incidunt assumenda ut.', 2, '2019-12-01 00:41:27', '2019-12-01 00:41:27'),
(283, 31, 'Karley Daniel Sr.', 'Eaque qui non hic sit sequi non ut. Esse mollitia expedita exercitationem iusto quo commodi. Occaecati expedita et cumque.', 5, '2019-12-01 00:41:27', '2019-12-01 00:41:27'),
(284, 37, 'Stephan Turcotte', 'Dignissimos tempore nostrum ea ut doloremque minima. Et accusantium eos voluptatem harum sit qui. Ducimus nisi rerum ut et et quis.', 4, '2019-12-01 00:41:27', '2019-12-01 00:41:27'),
(285, 72, 'Bruce Heathcote', 'Autem beatae iste provident asperiores voluptatem quisquam. Officia inventore repellendus accusantium. Sapiente eaque voluptatem ad non eligendi omnis voluptatibus.', 0, '2019-12-01 00:41:27', '2019-12-01 00:41:27'),
(286, 80, 'Mr. Trever Ferry I', 'Et dolores officia odit consequatur. Maxime blanditiis voluptatem consequatur provident. Praesentium rerum nam in qui. Aut adipisci eos impedit labore est voluptas.', 3, '2019-12-01 00:41:27', '2019-12-01 00:41:27'),
(287, 26, 'Giuseppe Littel', 'Eligendi dolorem et commodi repellat. Doloremque voluptas et ut. Et aut rem nihil maiores.', 2, '2019-12-01 00:41:27', '2019-12-01 00:41:27'),
(288, 35, 'Blanche Marvin', 'Eaque dolorem ea sapiente laboriosam omnis ratione. Distinctio et modi dolore iste atque ut non.', 1, '2019-12-01 00:41:27', '2019-12-01 00:41:27'),
(289, 52, 'Amira Rodriguez', 'Et dolores quisquam neque porro laboriosam et. Id sapiente quam ut error et nam ratione.', 0, '2019-12-01 00:41:28', '2019-12-01 00:41:28'),
(290, 1, 'Mr. Omari Corwin DDS', 'Iure aut aut debitis ab error tempora. Corporis dolore quia sit facilis laborum tempore consequatur porro. Aliquam distinctio et eius provident repudiandae.', 0, '2019-12-01 00:41:28', '2019-12-01 00:41:28'),
(291, 36, 'Emmalee Bartoletti DVM', 'Sapiente voluptatem accusamus laudantium temporibus qui voluptate. Fugit voluptate eveniet non rerum labore quibusdam iusto. Fugit dolores aut sint non. Sunt adipisci praesentium quisquam ad atque.', 0, '2019-12-01 00:41:28', '2019-12-01 00:41:28'),
(292, 92, 'Dr. Vicente Boyer DVM', 'Ut eum architecto laboriosam qui aut animi quaerat. Accusantium voluptatum tempora excepturi. Quam quisquam in occaecati at aut repellat.', 3, '2019-12-01 00:41:28', '2019-12-01 00:41:28'),
(293, 85, 'Cicero Erdman', 'Perferendis delectus magni laboriosam eius ipsam animi et. Atque voluptates nihil quasi voluptatem. Est enim ut sed cupiditate. In qui sint nostrum culpa.', 0, '2019-12-01 00:41:28', '2019-12-01 00:41:28'),
(294, 88, 'Armando Kuhn', 'Aliquid quasi assumenda iure voluptas. Eaque ullam quas quo non quis incidunt nulla. Earum similique ipsa aliquam ducimus. Quam ut consequatur sed est eos libero quia.', 0, '2019-12-01 00:41:28', '2019-12-01 00:41:28'),
(295, 63, 'Prof. Norberto Sipes MD', 'Qui earum dignissimos ut quo. Voluptatem minima aperiam rem et nostrum atque. Eos repellat itaque minima molestias culpa ad consequatur.', 2, '2019-12-01 00:41:28', '2019-12-01 00:41:28'),
(296, 6, 'Prof. Tyreek Heidenreich', 'Sunt quia corrupti sed at sapiente itaque. Voluptas rerum consequatur quasi vitae qui voluptatum. Et omnis quo aut omnis qui. Nostrum exercitationem dignissimos qui aut est omnis.', 3, '2019-12-01 00:41:28', '2019-12-01 00:41:28'),
(297, 16, 'Dr. Bernie Feest', 'Non iusto voluptas culpa voluptatem esse in. Neque sit libero vero quia. Sint et molestiae nostrum praesentium aliquam vero rerum.', 0, '2019-12-01 00:41:28', '2019-12-01 00:41:28'),
(298, 100, 'Cheyanne Spinka II', 'Quidem ipsa et dicta ut dolorum. Voluptas velit exercitationem pariatur. Ducimus consequatur tempore voluptatibus ab necessitatibus laboriosam.', 5, '2019-12-01 00:41:28', '2019-12-01 00:41:28'),
(299, 84, 'Collin Von PhD', 'Molestiae fuga odit illum dolores. Et inventore ea nisi enim. Ullam sequi corrupti voluptates corporis cum et voluptatem. Provident a error ratione tempore nihil possimus et.', 1, '2019-12-01 00:41:28', '2019-12-01 00:41:28'),
(300, 13, 'Mr. Cyrus Johnson', 'Commodi rerum maiores error iusto sit. Iste dolores nobis magnam nam dignissimos.', 5, '2019-12-01 00:41:28', '2019-12-01 00:41:28');

-- --------------------------------------------------------

--
-- Table structure for table `users`
--

CREATE TABLE `users` (
  `id` int(10) UNSIGNED NOT NULL,
  `name` varchar(255) COLLATE utf8mb4_unicode_ci NOT NULL,
  `email` varchar(255) COLLATE utf8mb4_unicode_ci NOT NULL,
  `password` varchar(255) COLLATE utf8mb4_unicode_ci NOT NULL,
  `remember_token` varchar(100) COLLATE utf8mb4_unicode_ci DEFAULT NULL,
  `created_at` timestamp NULL DEFAULT NULL,
  `updated_at` timestamp NULL DEFAULT NULL
) ENGINE=InnoDB DEFAULT CHARSET=utf8mb4 COLLATE=utf8mb4_unicode_ci;

--
-- Indexes for dumped tables
--

--
-- Indexes for table `migrations`
--
ALTER TABLE `migrations`
  ADD PRIMARY KEY (`id`);

--
-- Indexes for table `password_resets`
--
ALTER TABLE `password_resets`
  ADD KEY `password_resets_email_index` (`email`);

--
-- Indexes for table `products`
--
ALTER TABLE `products`
  ADD PRIMARY KEY (`id`);

--
-- Indexes for table `reviews`
--
ALTER TABLE `reviews`
  ADD PRIMARY KEY (`id`),
  ADD KEY `reviews_product_id_index` (`product_id`);

--
-- Indexes for table `users`
--
ALTER TABLE `users`
  ADD PRIMARY KEY (`id`),
  ADD UNIQUE KEY `users_email_unique` (`email`);

--
-- AUTO_INCREMENT for dumped tables
--

--
-- AUTO_INCREMENT for table `migrations`
--
ALTER TABLE `migrations`
  MODIFY `id` int(10) UNSIGNED NOT NULL AUTO_INCREMENT, AUTO_INCREMENT=5;

--
-- AUTO_INCREMENT for table `products`
--
ALTER TABLE `products`
  MODIFY `id` int(10) UNSIGNED NOT NULL AUTO_INCREMENT, AUTO_INCREMENT=101;

--
-- AUTO_INCREMENT for table `reviews`
--
ALTER TABLE `reviews`
  MODIFY `id` int(10) UNSIGNED NOT NULL AUTO_INCREMENT, AUTO_INCREMENT=301;

--
-- AUTO_INCREMENT for table `users`
--
ALTER TABLE `users`
  MODIFY `id` int(10) UNSIGNED NOT NULL AUTO_INCREMENT;

--
-- Constraints for dumped tables
--

--
-- Constraints for table `reviews`
--
ALTER TABLE `reviews`
  ADD CONSTRAINT `reviews_product_id_foreign` FOREIGN KEY (`product_id`) REFERENCES `products` (`id`) ON DELETE CASCADE;
COMMIT;

/*!40101 SET CHARACTER_SET_CLIENT=@OLD_CHARACTER_SET_CLIENT */;
/*!40101 SET CHARACTER_SET_RESULTS=@OLD_CHARACTER_SET_RESULTS */;
/*!40101 SET COLLATION_CONNECTION=@OLD_COLLATION_CONNECTION */;
